timestamp,branch,transaction_type,transaction_amount,transaction_status,fraud_flag,system_latency_ms
3/30/2024 11:00,SG-EAST,Payment,168.86,Successful,0,262
3/30/2024 11:00,SG-TAMP,Payment,3152.41,Successful,0,210
3/30/2024 11:00,SG-ORCHARD,Payment,10462.35,Successful,0,242
3/30/2024 11:00,SG-ORCHARD,Withdrawal,1755.58,Successful,0,163
3/30/2024 11:00,SG-ORCHARD,Withdrawal,291.23,Successful,0,285
3/30/2024 11:00,SG-WEST,Payment,1110.11,Successful,0,324
3/30/2024 11:00,SG-TAMP,Payment,759.81,Successful,0,140
3/30/2024 11:00,SG-EAST,Withdrawal,1446.79,Successful,0,223
3/30/2024 11:00,SG-ORCHARD,Transfer,20.8,Successful,0,427
3/30/2024 11:00,SG-WEST,Payment,851.34,Successful,0,436
3/30/2024 11:00,SG-WEST,Transfer,819.72,Successful,0,289
3/30/2024 11:00,SG-EAST,Withdrawal,1253.77,Successful,0,311
3/30/2024 11:00,SG-MAIN,Payment,2529.34,Successful,0,298
3/30/2024 11:00,SG-WEST,Payment,1358.93,Successful,0,244
3/30/2024 11:00,SG-ORCHARD,Withdrawal,6320.52,Successful,0,165
3/30/2024 11:00,SG-TAMP,Transfer,318.01,Successful,0,319
3/30/2024 11:00,SG-ORCHARD,Transfer,2261.66,Successful,0,249
3/30/2024 11:00,SG-JURONG,Deposit,14.4,Failed,0,118
3/30/2024 11:00,SG-EAST,Deposit,216.18,Successful,0,257
3/30/2024 11:00,SG-MAIN,Transfer,520.63,Successful,0,184
3/30/2024 11:00,SG-ORCHARD,Withdrawal,546.74,Successful,0,287
3/30/2024 11:00,SG-MAIN,Transfer,3791.34,Successful,0,299
3/30/2024 11:00,SG-WEST,Payment,5942.27,Successful,0,213
3/30/2024 11:00,SG-MAIN,Withdrawal,388.6,Successful,0,276
3/30/2024 11:00,SG-ORCHARD,Withdrawal,1294.05,Successful,0,260
3/30/2024 11:00,SG-ORCHARD,Transfer,4979.97,Successful,0,199
3/30/2024 11:00,SG-ORCHARD,Transfer,44.75,Successful,0,229
3/30/2024 11:00,SG-JURONG,Payment,3231.08,Failed,0,215
3/30/2024 11:00,SG-JURONG,Transfer,1209.2,Successful,0,121
3/30/2024 11:00,SG-WEST,Transfer,2093.69,Successful,0,199
3/30/2024 11:00,SG-ORCHARD,Transfer,385.57,Successful,0,178
3/30/2024 11:00,SG-EAST,Transfer,748.09,Successful,0,228
3/30/2024 11:00,SG-TAMP,Withdrawal,4650.99,Successful,0,327
3/30/2024 11:00,SG-WEST,Payment,3581.82,Successful,0,416
3/30/2024 11:00,SG-TAMP,Deposit,1665.14,Successful,0,108
3/30/2024 11:00,SG-MAIN,Withdrawal,2767.33,Successful,0,297
3/30/2024 11:00,SG-EAST,Deposit,1685.41,Successful,0,250
3/30/2024 11:00,SG-ORCHARD,Withdrawal,128.02,Successful,0,265
3/30/2024 11:00,SG-MAIN,Deposit,3225.46,Successful,0,354
3/30/2024 11:00,SG-TAMP,Deposit,683.95,Successful,0,238
3/30/2024 11:00,SG-MAIN,Transfer,733.13,Successful,0,325
3/30/2024 11:00,SG-EAST,Withdrawal,1906.75,Successful,0,396
3/30/2024 11:00,SG-EAST,Transfer,520.75,Successful,0,343
3/30/2024 11:00,SG-ORCHARD,Payment,77.57,Successful,0,128
3/30/2024 11:00,SG-TAMP,Deposit,185.64,Successful,0,128
3/30/2024 11:00,SG-EAST,Deposit,315.95,Successful,0,328
3/30/2024 11:00,SG-JURONG,Transfer,3481.92,Successful,0,250
3/30/2024 11:00,SG-TAMP,Payment,163.46,Successful,0,274
3/30/2024 11:00,SG-TAMP,Deposit,2665.71,Successful,0,247
3/30/2024 11:00,SG-EAST,Transfer,11996.05,Successful,0,311
3/30/2024 11:00,SG-EAST,Withdrawal,3260.45,Successful,0,280
3/30/2024 11:00,SG-TAMP,Transfer,473.03,Successful,0,270
3/30/2024 11:00,SG-WEST,Payment,1907.89,Successful,0,333
3/30/2024 11:00,SG-ORCHARD,Payment,490.17,Successful,0,247
3/30/2024 11:00,SG-EAST,Deposit,620.58,Successful,0,169
3/30/2024 11:00,SG-TAMP,Transfer,3100.8,Successful,0,245
3/30/2024 11:00,SG-MAIN,Payment,194.91,Successful,0,362
3/30/2024 11:00,SG-ORCHARD,Transfer,1913.51,Successful,0,248
3/30/2024 11:00,SG-EAST,Withdrawal,3260.67,Successful,0,229
3/30/2024 11:00,SG-MAIN,Transfer,2581.25,Successful,0,280
3/30/2024 11:00,SG-WEST,Deposit,2724.21,Successful,0,77
3/30/2024 11:00,SG-ORCHARD,Deposit,1116.61,Successful,0,240
3/30/2024 11:00,SG-ORCHARD,Withdrawal,1351.69,Successful,0,227
3/30/2024 11:00,SG-ORCHARD,Withdrawal,1444,Successful,0,324
3/30/2024 11:00,SG-EAST,Transfer,3272.67,Successful,0,196
3/30/2024 11:00,SG-JURONG,Payment,757.12,Successful,0,135
3/30/2024 11:00,SG-ORCHARD,Payment,284.22,Successful,0,387
3/30/2024 11:00,SG-ORCHARD,Withdrawal,655.82,Failed,0,222
3/30/2024 11:00,SG-TAMP,Transfer,219.13,Successful,0,306
3/30/2024 11:00,SG-EAST,Transfer,6821.41,Successful,0,319
3/30/2024 11:00,SG-EAST,Withdrawal,338.8,Successful,0,259
3/30/2024 11:00,SG-ORCHARD,Withdrawal,3095.36,Successful,0,302
3/30/2024 11:00,SG-MAIN,Deposit,1412.88,Successful,0,200
3/30/2024 11:00,SG-EAST,Payment,3182.07,Failed,0,230
3/30/2024 11:00,SG-WEST,Deposit,4113.2,Failed,0,318
3/30/2024 11:00,SG-JURONG,Transfer,8670.41,Successful,0,203
3/30/2024 11:00,SG-ORCHARD,Deposit,163.9,Successful,0,142
3/30/2024 11:00,SG-JURONG,Payment,6004.83,Successful,0,344
3/30/2024 11:00,SG-EAST,Withdrawal,564.11,Successful,0,157
3/30/2024 11:00,SG-TAMP,Transfer,2395.94,Successful,0,225
3/30/2024 11:00,SG-ORCHARD,Deposit,3431.34,Successful,0,254
3/30/2024 11:00,SG-TAMP,Withdrawal,646.18,Successful,0,184
3/30/2024 11:00,SG-EAST,Payment,3283.03,Successful,0,280
3/30/2024 11:00,SG-TAMP,Withdrawal,343.18,Successful,0,187
3/30/2024 11:00,SG-WEST,Payment,3269.13,Failed,0,203
3/30/2024 11:00,SG-TAMP,Withdrawal,3131.01,Successful,0,310
3/30/2024 11:00,SG-ORCHARD,Payment,489.01,Successful,0,354
3/30/2024 11:00,SG-ORCHARD,Transfer,771.86,Successful,0,293
3/30/2024 11:00,SG-ORCHARD,Withdrawal,1062.5,Successful,0,245
3/30/2024 11:00,SG-EAST,Transfer,2302.81,Successful,0,343
3/30/2024 11:00,SG-MAIN,Withdrawal,1957.69,Successful,0,184
3/30/2024 11:00,SG-TAMP,Deposit,344.19,Successful,0,381
3/30/2024 11:00,SG-MAIN,Withdrawal,1130.4,Successful,0,291
3/30/2024 11:00,SG-WEST,Transfer,3852.33,Successful,0,276
3/30/2024 11:00,SG-WEST,Payment,648.43,Successful,0,239
3/30/2024 11:00,SG-JURONG,Deposit,291.41,Successful,0,258
3/30/2024 11:00,SG-ORCHARD,Transfer,7841.12,Successful,0,100
3/30/2024 11:00,SG-JURONG,Deposit,4478.93,Successful,0,219
3/30/2024 11:00,SG-TAMP,Payment,61.82,Successful,0,234
3/30/2024 11:00,SG-TAMP,Payment,731.6,Successful,0,303
3/30/2024 11:00,SG-JURONG,Deposit,3725.44,Successful,0,178
3/30/2024 11:00,SG-EAST,Withdrawal,1192.35,Successful,0,260
3/30/2024 11:00,SG-WEST,Transfer,4468.99,Failed,0,340
3/30/2024 11:00,SG-JURONG,Payment,275.61,Successful,0,323
3/30/2024 11:00,SG-ORCHARD,Withdrawal,5646.75,Successful,0,189
3/30/2024 11:00,SG-ORCHARD,Transfer,1283.52,Failed,0,195
3/30/2024 11:00,SG-JURONG,Withdrawal,1679.7,Successful,0,242
3/30/2024 11:00,SG-ORCHARD,Withdrawal,517.82,Successful,0,237
3/30/2024 11:00,SG-EAST,Withdrawal,424.42,Successful,0,308
3/30/2024 11:00,SG-EAST,Transfer,4575.37,Successful,0,280
3/30/2024 11:00,SG-TAMP,Payment,828.56,Successful,0,213
3/30/2024 11:00,SG-ORCHARD,Transfer,2399.04,Successful,0,228
3/30/2024 11:00,SG-ORCHARD,Withdrawal,821.94,Successful,0,339
3/30/2024 11:00,SG-ORCHARD,Withdrawal,677.47,Successful,0,318
3/30/2024 11:00,SG-ORCHARD,Withdrawal,901.18,Successful,0,218
3/30/2024 11:00,SG-ORCHARD,Payment,6411.55,Successful,0,247
3/30/2024 11:00,SG-EAST,Deposit,672.98,Successful,0,283
3/30/2024 11:00,SG-EAST,Transfer,2155.45,Successful,0,381
3/30/2024 11:00,SG-WEST,Withdrawal,2160.68,Successful,0,102
3/30/2024 12:00,SG-MAIN,Payment,32.46,Successful,0,178
3/30/2024 12:00,SG-EAST,Payment,2777.73,Successful,0,148
3/30/2024 12:00,SG-ORCHARD,Payment,500.68,Successful,0,377
3/30/2024 12:00,SG-EAST,Transfer,2569.03,Successful,0,386
3/30/2024 12:00,SG-TAMP,Payment,5955.35,Successful,0,394
3/30/2024 12:00,SG-MAIN,Withdrawal,1481.44,Successful,0,290
3/30/2024 12:00,SG-EAST,Transfer,1535.31,Failed,0,361
3/30/2024 12:00,SG-ORCHARD,Withdrawal,478.98,Successful,0,289
3/30/2024 12:00,SG-JURONG,Withdrawal,159.16,Successful,0,279
3/30/2024 12:00,SG-EAST,Withdrawal,4462.24,Successful,0,329
3/30/2024 12:00,SG-MAIN,Transfer,953.22,Failed,0,126
3/30/2024 12:00,SG-EAST,Withdrawal,7375.23,Successful,0,255
3/30/2024 12:00,SG-ORCHARD,Transfer,1533.91,Successful,0,248
3/30/2024 12:00,SG-WEST,Payment,640.94,Successful,0,258
3/30/2024 12:00,SG-EAST,Deposit,4146.69,Successful,0,274
3/30/2024 12:00,SG-JURONG,Deposit,3183.92,Successful,0,113
3/30/2024 12:00,SG-MAIN,Deposit,1901.43,Successful,0,185
3/30/2024 12:00,SG-JURONG,Withdrawal,2330.9,Successful,0,305
3/30/2024 12:00,SG-WEST,Transfer,3573.5,Successful,0,174
3/30/2024 12:00,SG-EAST,Payment,194.31,Successful,0,343
3/30/2024 12:00,SG-MAIN,Transfer,2178.18,Successful,0,278
3/30/2024 12:00,SG-JURONG,Withdrawal,126.22,Successful,0,207
3/30/2024 12:00,SG-MAIN,Payment,1371.08,Successful,0,278
3/30/2024 12:00,SG-JURONG,Transfer,6148.76,Successful,0,180
3/30/2024 12:00,SG-MAIN,Withdrawal,2101.03,Successful,0,324
3/30/2024 12:00,SG-JURONG,Transfer,1750.63,Successful,0,124
3/30/2024 12:00,SG-ORCHARD,Payment,1717.67,Successful,0,131
3/30/2024 12:00,SG-MAIN,Payment,4632.57,Successful,0,216
3/30/2024 12:00,SG-JURONG,Deposit,10.68,Successful,0,280
3/30/2024 12:00,SG-MAIN,Transfer,251.6,Successful,0,263
3/30/2024 12:00,SG-EAST,Payment,635.52,Successful,0,294
3/30/2024 12:00,SG-WEST,Withdrawal,1967.88,Successful,0,349
3/30/2024 12:00,SG-EAST,Transfer,146.79,Successful,0,106
3/30/2024 12:00,SG-ORCHARD,Withdrawal,4602.08,Successful,0,170
3/30/2024 12:00,SG-ORCHARD,Withdrawal,582,Failed,0,231
3/30/2024 12:00,SG-ORCHARD,Withdrawal,1154.98,Successful,0,198
3/30/2024 12:00,SG-ORCHARD,Deposit,986.34,Successful,0,107
3/30/2024 12:00,SG-TAMP,Deposit,32.89,Successful,0,215
3/30/2024 12:00,SG-EAST,Transfer,258.91,Successful,0,222
3/30/2024 12:00,SG-EAST,Transfer,1344.62,Failed,1,337
3/30/2024 12:00,SG-JURONG,Payment,2135.8,Successful,0,357
3/30/2024 12:00,SG-TAMP,Deposit,335.82,Successful,0,231
3/30/2024 12:00,SG-TAMP,Transfer,3765.9,Successful,0,187
3/30/2024 12:00,SG-ORCHARD,Transfer,1417.63,Successful,0,404
3/30/2024 12:00,SG-TAMP,Transfer,2258.83,Successful,0,217
3/30/2024 12:00,SG-TAMP,Transfer,990.23,Successful,0,363
3/30/2024 12:00,SG-TAMP,Deposit,1396.24,Successful,0,243
3/30/2024 12:00,SG-MAIN,Withdrawal,1709.71,Successful,0,212
3/30/2024 12:00,SG-ORCHARD,Withdrawal,470.03,Successful,0,271
3/30/2024 12:00,SG-JURONG,Withdrawal,2364.39,Successful,0,357
3/30/2024 12:00,SG-EAST,Payment,1230.68,Successful,0,343
3/30/2024 12:00,SG-EAST,Withdrawal,317.19,Successful,0,353
3/30/2024 12:00,SG-ORCHARD,Deposit,849.2,Successful,0,255
3/30/2024 12:00,SG-TAMP,Payment,2293.28,Successful,0,209
3/30/2024 12:00,SG-EAST,Transfer,1725.8,Successful,0,169
3/30/2024 12:00,SG-ORCHARD,Payment,298.82,Successful,0,254
3/30/2024 12:00,SG-ORCHARD,Deposit,1018.57,Successful,0,246
3/30/2024 12:00,SG-JURONG,Transfer,1307.05,Successful,0,155
3/30/2024 12:00,SG-ORCHARD,Payment,2635.81,Successful,0,378
3/30/2024 12:00,SG-MAIN,Withdrawal,2009.01,Successful,0,219
3/30/2024 12:00,SG-EAST,Transfer,1618.68,Successful,0,245
3/30/2024 12:00,SG-EAST,Payment,1399.11,Successful,0,347
3/30/2024 12:00,SG-EAST,Deposit,1350.4,Successful,0,272
3/30/2024 12:00,SG-MAIN,Transfer,314.71,Successful,0,242
3/30/2024 12:00,SG-JURONG,Transfer,2481.27,Successful,0,234
3/30/2024 12:00,SG-JURONG,Withdrawal,2267.56,Successful,0,285
3/30/2024 12:00,SG-TAMP,Deposit,1288.84,Successful,0,241
3/30/2024 12:00,SG-EAST,Transfer,11428.42,Successful,0,286
3/30/2024 12:00,SG-JURONG,Withdrawal,1605.29,Successful,0,393
3/30/2024 12:00,SG-EAST,Transfer,2425.5,Successful,0,352
3/30/2024 12:00,SG-MAIN,Withdrawal,5485.22,Successful,0,325
3/30/2024 12:00,SG-EAST,Withdrawal,5436.6,Successful,0,146
3/30/2024 12:00,SG-EAST,Withdrawal,388.2,Successful,0,261
3/30/2024 12:00,SG-MAIN,Deposit,3737.74,Successful,0,197
3/30/2024 12:00,SG-ORCHARD,Deposit,311.31,Successful,0,256
3/30/2024 12:00,SG-WEST,Transfer,580.04,Successful,0,194
3/30/2024 12:00,SG-ORCHARD,Transfer,3169.78,Successful,0,290
3/30/2024 12:00,SG-WEST,Payment,1793.47,Successful,0,323
3/30/2024 12:00,SG-MAIN,Transfer,4406.47,Successful,0,263
3/30/2024 12:00,SG-TAMP,Payment,4382.59,Successful,0,303
3/30/2024 12:00,SG-TAMP,Deposit,5509.5,Successful,0,247
3/30/2024 12:00,SG-TAMP,Withdrawal,8387.93,Successful,0,156
3/30/2024 12:00,SG-EAST,Withdrawal,1421.13,Successful,0,279
3/30/2024 12:00,SG-ORCHARD,Withdrawal,5741.69,Successful,0,300
3/30/2024 12:00,SG-JURONG,Payment,1658.08,Successful,0,389
3/30/2024 12:00,SG-MAIN,Payment,3010.34,Successful,0,330
3/30/2024 12:00,SG-JURONG,Deposit,730.91,Successful,0,186
3/30/2024 12:00,SG-ORCHARD,Transfer,207.66,Successful,0,354
3/30/2024 12:00,SG-MAIN,Transfer,2186.97,Successful,0,109
3/30/2024 12:00,SG-ORCHARD,Deposit,23,Successful,0,112
3/30/2024 12:00,SG-MAIN,Withdrawal,5902.26,Successful,0,285
3/30/2024 13:00,SG-TAMP,Transfer,680.86,Successful,0,71
3/30/2024 13:00,SG-JURONG,Withdrawal,2545.27,Successful,0,380
3/30/2024 13:00,SG-JURONG,Deposit,148.8,Successful,0,364
3/30/2024 13:00,SG-TAMP,Withdrawal,1325.44,Successful,0,130
3/30/2024 13:00,SG-MAIN,Payment,475.96,Successful,0,288
3/30/2024 13:00,SG-TAMP,Transfer,1923.78,Successful,0,326
3/30/2024 13:00,SG-ORCHARD,Withdrawal,2864.93,Successful,0,358
3/30/2024 13:00,SG-WEST,Withdrawal,1275.17,Successful,0,262
3/30/2024 13:00,SG-EAST,Transfer,2317.04,Successful,0,356
3/30/2024 13:00,SG-JURONG,Deposit,457.21,Successful,0,232
3/30/2024 13:00,SG-JURONG,Deposit,107.31,Successful,0,214
3/30/2024 13:00,SG-EAST,Transfer,6059.36,Successful,0,279
3/30/2024 13:00,SG-WEST,Deposit,4098.7,Successful,0,350
3/30/2024 13:00,SG-MAIN,Payment,576.13,Successful,0,350
3/30/2024 13:00,SG-EAST,Transfer,2426.58,Successful,0,277
3/30/2024 13:00,SG-JURONG,Deposit,20.3,Successful,0,122
3/30/2024 13:00,SG-ORCHARD,Deposit,419.62,Successful,0,401
3/30/2024 13:00,SG-TAMP,Payment,107.07,Successful,0,254
3/30/2024 13:00,SG-EAST,Deposit,113.9,Failed,0,308
3/30/2024 13:00,SG-JURONG,Payment,3600.99,Successful,0,283
3/30/2024 13:00,SG-JURONG,Withdrawal,4350.18,Failed,0,227
3/30/2024 13:00,SG-MAIN,Deposit,2524.7,Successful,0,278
3/30/2024 13:00,SG-JURONG,Payment,2427.94,Successful,0,304
3/30/2024 13:00,SG-EAST,Deposit,1270.64,Successful,0,266
3/30/2024 13:00,SG-TAMP,Withdrawal,2247.7,Successful,0,203
3/30/2024 13:00,SG-TAMP,Withdrawal,1330.99,Successful,0,183
3/30/2024 13:00,SG-WEST,Transfer,1290.52,Successful,0,300
3/30/2024 13:00,SG-WEST,Transfer,2241.79,Successful,0,246
3/30/2024 13:00,SG-TAMP,Transfer,1291.56,Successful,0,273
3/30/2024 13:00,SG-ORCHARD,Payment,2633.27,Successful,0,345
3/30/2024 13:00,SG-MAIN,Transfer,3045.13,Successful,0,188
3/30/2024 13:00,SG-WEST,Deposit,2625.2,Successful,0,326
3/30/2024 13:00,SG-TAMP,Deposit,1336.25,Successful,0,283
3/30/2024 13:00,SG-EAST,Payment,1527.77,Successful,0,330
3/30/2024 13:00,SG-MAIN,Payment,861.27,Successful,0,294
3/30/2024 13:00,SG-MAIN,Transfer,349.36,Successful,0,303
3/30/2024 13:00,SG-MAIN,Deposit,2466.69,Successful,0,203
3/30/2024 13:00,SG-TAMP,Withdrawal,175.23,Successful,0,203
3/30/2024 13:00,SG-WEST,Transfer,398.22,Successful,0,168
3/30/2024 13:00,SG-ORCHARD,Payment,3331.15,Successful,0,110
3/30/2024 13:00,SG-MAIN,Payment,2244.01,Failed,0,152
3/30/2024 13:00,SG-EAST,Withdrawal,5651.08,Successful,0,302
3/30/2024 13:00,SG-MAIN,Withdrawal,4945.64,Successful,0,313
3/30/2024 13:00,SG-WEST,Payment,2095.93,Successful,0,240
3/30/2024 13:00,SG-WEST,Deposit,1288.43,Successful,0,341
3/30/2024 13:00,SG-ORCHARD,Transfer,676.87,Successful,0,243
3/30/2024 13:00,SG-WEST,Withdrawal,1083.75,Successful,0,204
3/30/2024 13:00,SG-EAST,Deposit,1394.24,Successful,0,197
3/30/2024 13:00,SG-WEST,Transfer,191.61,Successful,0,370
3/30/2024 13:00,SG-MAIN,Transfer,203.91,Successful,0,95
3/30/2024 13:00,SG-WEST,Payment,1894.79,Successful,0,277
3/30/2024 13:00,SG-EAST,Deposit,1145.8,Successful,0,233
3/30/2024 13:00,SG-MAIN,Transfer,414.9,Successful,0,325
3/30/2024 13:00,SG-EAST,Payment,2870.22,Successful,0,100
3/30/2024 13:00,SG-MAIN,Deposit,5608.4,Successful,0,362
3/30/2024 13:00,SG-TAMP,Withdrawal,244.34,Successful,0,255
3/30/2024 13:00,SG-WEST,Withdrawal,1556.71,Successful,0,327
3/30/2024 13:00,SG-EAST,Payment,2156.46,Successful,0,250
3/30/2024 13:00,SG-ORCHARD,Transfer,1843.01,Successful,0,299
3/30/2024 13:00,SG-ORCHARD,Payment,6923,Successful,0,123
3/30/2024 13:00,SG-TAMP,Payment,1809.19,Successful,0,202
3/30/2024 13:00,SG-WEST,Deposit,1522.8,Successful,0,56
3/30/2024 13:00,SG-ORCHARD,Withdrawal,2686.54,Successful,0,191
3/30/2024 13:00,SG-WEST,Deposit,419.36,Successful,0,271
3/30/2024 13:00,SG-TAMP,Transfer,481.92,Successful,0,229
3/30/2024 13:00,SG-MAIN,Transfer,1019.37,Successful,0,199
3/30/2024 13:00,SG-WEST,Transfer,4739.8,Successful,0,204
3/30/2024 13:00,SG-ORCHARD,Transfer,2139.79,Successful,0,237
3/30/2024 13:00,SG-EAST,Deposit,1892.75,Successful,0,286
3/30/2024 13:00,SG-EAST,Deposit,849.75,Successful,0,275
3/30/2024 13:00,SG-ORCHARD,Deposit,2289.22,Successful,0,279
3/30/2024 13:00,SG-WEST,Deposit,3569.6,Successful,0,323
3/30/2024 13:00,SG-JURONG,Transfer,328.6,Successful,0,133
3/30/2024 13:00,SG-JURONG,Deposit,32.46,Successful,0,185
3/30/2024 13:00,SG-ORCHARD,Withdrawal,0.51,Successful,0,304
3/30/2024 13:00,SG-MAIN,Deposit,2186.45,Failed,0,123
3/30/2024 13:00,SG-WEST,Transfer,4976.08,Successful,0,298
3/30/2024 13:00,SG-TAMP,Deposit,242.72,Successful,0,3
3/30/2024 13:00,SG-WEST,Transfer,143.66,Successful,0,191
3/30/2024 13:00,SG-EAST,Deposit,469.53,Successful,0,277
3/30/2024 13:00,SG-ORCHARD,Deposit,1575.97,Successful,0,267
3/30/2024 13:00,SG-ORCHARD,Payment,2522.51,Successful,0,246
3/30/2024 13:00,SG-JURONG,Payment,713.52,Successful,0,228
3/30/2024 13:00,SG-EAST,Deposit,143.85,Successful,0,277
3/30/2024 13:00,SG-ORCHARD,Payment,1162.4,Successful,0,113
3/30/2024 13:00,SG-ORCHARD,Withdrawal,269.79,Successful,0,303
3/30/2024 13:00,SG-WEST,Transfer,200.74,Successful,0,265
3/30/2024 13:00,SG-TAMP,Payment,5831.49,Successful,0,306
3/30/2024 13:00,SG-WEST,Withdrawal,1946.31,Successful,0,281
3/30/2024 13:00,SG-EAST,Transfer,1167.78,Successful,0,326
3/30/2024 13:00,SG-JURONG,Withdrawal,166.33,Successful,0,95
3/30/2024 13:00,SG-MAIN,Deposit,1190.01,Successful,0,17
3/30/2024 13:00,SG-JURONG,Deposit,914.58,Successful,0,261
3/30/2024 13:00,SG-TAMP,Withdrawal,2051.93,Successful,0,460
3/30/2024 13:00,SG-EAST,Withdrawal,1736.13,Successful,0,272
3/30/2024 13:00,SG-MAIN,Deposit,4240.59,Successful,0,298
3/30/2024 13:00,SG-ORCHARD,Withdrawal,1445.73,Successful,0,198
3/30/2024 13:00,SG-MAIN,Withdrawal,374.4,Successful,0,152
3/30/2024 13:00,SG-WEST,Transfer,3752.36,Successful,0,168
3/30/2024 13:00,SG-TAMP,Payment,1127.47,Failed,0,297
3/30/2024 13:00,SG-JURONG,Payment,1451.09,Successful,0,351
3/30/2024 13:00,SG-WEST,Withdrawal,188.42,Successful,0,274
3/30/2024 13:00,SG-WEST,Payment,8450.01,Successful,0,302
3/30/2024 13:00,SG-TAMP,Deposit,1671.62,Successful,0,266
3/30/2024 14:00,SG-WEST,Deposit,5357.44,Failed,0,281
3/30/2024 14:00,SG-ORCHARD,Transfer,5758.45,Successful,0,180
3/30/2024 14:00,SG-WEST,Payment,717.52,Successful,0,262
3/30/2024 14:00,SG-EAST,Transfer,473.49,Failed,0,250
3/30/2024 14:00,SG-ORCHARD,Withdrawal,924.5,Successful,0,159
3/30/2024 14:00,SG-ORCHARD,Payment,915.13,Successful,0,334
3/30/2024 14:00,SG-JURONG,Transfer,3840.73,Successful,0,321
3/30/2024 14:00,SG-ORCHARD,Deposit,1234.16,Successful,0,277
3/30/2024 14:00,SG-MAIN,Transfer,140.63,Successful,0,244
3/30/2024 14:00,SG-TAMP,Deposit,12.85,Successful,0,313
3/30/2024 14:00,SG-MAIN,Transfer,1368.28,Successful,0,356
3/30/2024 14:00,SG-MAIN,Deposit,2163.38,Successful,0,287
3/30/2024 14:00,SG-ORCHARD,Deposit,4796.07,Successful,0,276
3/30/2024 14:00,SG-WEST,Transfer,1199.06,Successful,0,184
3/30/2024 14:00,SG-WEST,Deposit,3490.18,Successful,0,129
3/30/2024 14:00,SG-ORCHARD,Payment,6249.49,Successful,0,303
3/30/2024 14:00,SG-WEST,Transfer,5125.68,Successful,0,225
3/30/2024 14:00,SG-JURONG,Transfer,486.71,Successful,0,255
3/30/2024 14:00,SG-WEST,Transfer,620.05,Successful,0,9
3/30/2024 14:00,SG-EAST,Payment,38.53,Successful,0,260
3/30/2024 14:00,SG-ORCHARD,Deposit,1125.52,Successful,0,311
3/30/2024 14:00,SG-TAMP,Transfer,2825.37,Successful,0,257
3/30/2024 14:00,SG-JURONG,Deposit,238.46,Successful,0,364
3/30/2024 14:00,SG-ORCHARD,Deposit,670.48,Successful,0,365
3/30/2024 14:00,SG-WEST,Deposit,180.18,Successful,0,240
3/30/2024 14:00,SG-JURONG,Transfer,4653.83,Successful,0,265
3/30/2024 14:00,SG-TAMP,Transfer,2091.34,Successful,0,249
3/30/2024 14:00,SG-MAIN,Payment,420.95,Successful,0,177
3/30/2024 14:00,SG-TAMP,Withdrawal,111.87,Successful,0,234
3/30/2024 14:00,SG-TAMP,Deposit,2808.46,Successful,0,359
3/30/2024 14:00,SG-JURONG,Transfer,1051.95,Successful,0,320
3/30/2024 14:00,SG-TAMP,Transfer,645.71,Successful,0,221
3/30/2024 14:00,SG-EAST,Deposit,561.24,Successful,0,258
3/30/2024 14:00,SG-MAIN,Deposit,607.15,Successful,0,380
3/30/2024 14:00,SG-TAMP,Transfer,1063.17,Successful,0,323
3/30/2024 14:00,SG-ORCHARD,Payment,283.34,Successful,0,356
3/30/2024 14:00,SG-WEST,Transfer,1064.46,Successful,0,409
3/30/2024 14:00,SG-MAIN,Payment,2029.97,Successful,0,117
3/30/2024 14:00,SG-JURONG,Transfer,35.57,Successful,0,331
3/30/2024 14:00,SG-WEST,Withdrawal,8368.06,Successful,0,346
3/30/2024 14:00,SG-MAIN,Withdrawal,650.43,Successful,0,406
3/30/2024 14:00,SG-JURONG,Withdrawal,2276.36,Successful,0,238
3/30/2024 14:00,SG-WEST,Withdrawal,1038.77,Successful,0,289
3/30/2024 14:00,SG-MAIN,Payment,1038.21,Successful,0,409
3/30/2024 14:00,SG-JURONG,Payment,812.16,Successful,0,370
3/30/2024 14:00,SG-EAST,Deposit,3823.82,Successful,0,358
3/30/2024 14:00,SG-MAIN,Payment,558.31,Successful,0,246
3/30/2024 14:00,SG-MAIN,Withdrawal,4471.89,Successful,0,153
3/30/2024 14:00,SG-MAIN,Transfer,1928.15,Failed,0,366
3/30/2024 14:00,SG-EAST,Deposit,35.61,Successful,0,312
3/30/2024 14:00,SG-TAMP,Withdrawal,2286.48,Successful,0,216
3/30/2024 14:00,SG-JURONG,Withdrawal,150.24,Successful,0,224
3/30/2024 14:00,SG-MAIN,Withdrawal,2392.84,Successful,0,228
3/30/2024 14:00,SG-WEST,Transfer,908.22,Successful,0,296
3/30/2024 14:00,SG-MAIN,Withdrawal,3156.24,Failed,0,252
3/30/2024 14:00,SG-ORCHARD,Transfer,3450.57,Successful,0,125
3/30/2024 14:00,SG-WEST,Withdrawal,319.94,Successful,0,204
3/30/2024 14:00,SG-WEST,Transfer,3193.6,Successful,0,91
3/30/2024 14:00,SG-JURONG,Withdrawal,724.48,Successful,0,321
3/30/2024 14:00,SG-WEST,Deposit,1398.55,Successful,0,150
3/30/2024 14:00,SG-EAST,Payment,1908.55,Failed,0,209
3/30/2024 14:00,SG-WEST,Payment,1181.91,Successful,0,305
3/30/2024 14:00,SG-EAST,Withdrawal,1434.86,Successful,0,170
3/30/2024 14:00,SG-WEST,Transfer,1270.53,Successful,0,130
3/30/2024 14:00,SG-MAIN,Deposit,5751.2,Successful,0,282
3/30/2024 14:00,SG-MAIN,Transfer,1211.48,Successful,0,39
3/30/2024 14:00,SG-WEST,Payment,424.7,Successful,0,217
3/30/2024 14:00,SG-MAIN,Payment,5717.2,Successful,0,201
3/30/2024 14:00,SG-JURONG,Deposit,1034.4,Successful,0,393
3/30/2024 14:00,SG-MAIN,Withdrawal,974.46,Successful,0,197
3/30/2024 14:00,SG-WEST,Transfer,4282.96,Successful,0,265
3/30/2024 14:00,SG-TAMP,Payment,4743.09,Successful,0,60
3/30/2024 14:00,SG-TAMP,Transfer,2295.39,Successful,0,429
3/30/2024 14:00,SG-EAST,Withdrawal,3973.7,Successful,0,118
3/30/2024 14:00,SG-JURONG,Payment,2108.66,Successful,0,190
3/30/2024 14:00,SG-TAMP,Payment,2828.95,Failed,1,325
3/30/2024 14:00,SG-WEST,Transfer,3821.03,Successful,0,235
3/30/2024 14:00,SG-MAIN,Withdrawal,3994.81,Successful,0,254
3/30/2024 14:00,SG-ORCHARD,Transfer,383.44,Successful,0,129
3/30/2024 14:00,SG-MAIN,Withdrawal,898.03,Successful,0,89
3/30/2024 14:00,SG-ORCHARD,Transfer,2215.51,Successful,0,202
3/30/2024 14:00,SG-TAMP,Deposit,2974.34,Successful,0,214
3/30/2024 14:00,SG-TAMP,Deposit,5255.64,Successful,0,207
3/30/2024 14:00,SG-TAMP,Payment,284.47,Successful,0,359
3/30/2024 14:00,SG-TAMP,Withdrawal,4442.2,Successful,0,189
3/30/2024 14:00,SG-EAST,Withdrawal,897.65,Successful,0,248
3/30/2024 14:00,SG-WEST,Deposit,901.68,Successful,0,306
3/30/2024 14:00,SG-TAMP,Transfer,410.24,Failed,1,172
3/30/2024 14:00,SG-MAIN,Withdrawal,3229.43,Successful,0,356
3/30/2024 14:00,SG-WEST,Withdrawal,93.67,Successful,0,280
3/30/2024 14:00,SG-WEST,Payment,1580.74,Successful,0,216
3/30/2024 14:00,SG-TAMP,Withdrawal,2664.01,Failed,1,180
3/30/2024 14:00,SG-TAMP,Transfer,5038.98,Successful,0,227
3/30/2024 14:00,SG-JURONG,Withdrawal,488.84,Successful,0,341
3/30/2024 14:00,SG-MAIN,Transfer,2043.95,Successful,0,301
3/30/2024 14:00,SG-TAMP,Transfer,905.89,Successful,0,271
3/30/2024 14:00,SG-JURONG,Transfer,1.13,Successful,0,173
3/30/2024 14:00,SG-WEST,Transfer,1643.17,Successful,0,199
3/30/2024 14:00,SG-MAIN,Withdrawal,620.67,Successful,0,275
3/30/2024 14:00,SG-EAST,Payment,621.75,Successful,0,163
3/30/2024 14:00,SG-MAIN,Transfer,285.62,Successful,0,292
3/30/2024 14:00,SG-ORCHARD,Withdrawal,1867.26,Successful,0,197
3/30/2024 14:00,SG-ORCHARD,Withdrawal,3332.26,Successful,0,236
3/30/2024 14:00,SG-TAMP,Payment,2899.48,Successful,0,218
3/30/2024 14:00,SG-MAIN,Withdrawal,79.06,Successful,0,360
3/30/2024 15:00,SG-EAST,Deposit,1716.41,Failed,0,209
3/30/2024 15:00,SG-JURONG,Transfer,2774.29,Successful,0,325
3/30/2024 15:00,SG-TAMP,Withdrawal,2224.84,Successful,0,174
3/30/2024 15:00,SG-TAMP,Withdrawal,1925.57,Successful,0,339
3/30/2024 15:00,SG-MAIN,Transfer,769.67,Successful,0,326
3/30/2024 15:00,SG-JURONG,Transfer,5001.93,Failed,0,136
3/30/2024 15:00,SG-JURONG,Payment,3178.61,Successful,0,269
3/30/2024 15:00,SG-MAIN,Deposit,1622.38,Successful,0,263
3/30/2024 15:00,SG-ORCHARD,Deposit,1731.6,Successful,0,218
3/30/2024 15:00,SG-WEST,Payment,3498.51,Successful,0,214
3/30/2024 15:00,SG-ORCHARD,Payment,760.12,Successful,0,253
3/30/2024 15:00,SG-MAIN,Deposit,112.97,Successful,0,236
3/30/2024 15:00,SG-TAMP,Withdrawal,396.42,Successful,0,208
3/30/2024 15:00,SG-WEST,Payment,153.08,Successful,0,275
3/30/2024 15:00,SG-ORCHARD,Withdrawal,1485.86,Successful,0,250
3/30/2024 15:00,SG-MAIN,Withdrawal,2285.56,Successful,0,355
3/30/2024 15:00,SG-TAMP,Deposit,200.44,Failed,0,321
3/30/2024 15:00,SG-WEST,Transfer,1148.89,Successful,0,379
3/30/2024 15:00,SG-EAST,Transfer,3207.51,Successful,0,378
3/30/2024 15:00,SG-ORCHARD,Withdrawal,32.64,Successful,0,393
3/30/2024 15:00,SG-WEST,Deposit,597.67,Successful,0,338
3/30/2024 15:00,SG-EAST,Transfer,400.67,Successful,0,156
3/30/2024 15:00,SG-EAST,Payment,1158.47,Successful,0,211
3/30/2024 15:00,SG-TAMP,Payment,503.91,Successful,0,192
3/30/2024 15:00,SG-WEST,Deposit,1509.69,Successful,0,221
3/30/2024 15:00,SG-EAST,Payment,2336.46,Successful,0,245
3/30/2024 15:00,SG-JURONG,Deposit,514.24,Successful,0,194
3/30/2024 15:00,SG-JURONG,Deposit,1184.17,Successful,0,206
3/30/2024 15:00,SG-TAMP,Withdrawal,1487.05,Successful,0,186
3/30/2024 15:00,SG-JURONG,Payment,109.12,Successful,0,153
3/30/2024 15:00,SG-ORCHARD,Withdrawal,3371.32,Successful,0,382
3/30/2024 15:00,SG-EAST,Transfer,2864.65,Successful,0,193
3/30/2024 15:00,SG-JURONG,Deposit,4522.38,Failed,0,169
3/30/2024 15:00,SG-ORCHARD,Payment,1894.22,Successful,0,340
3/30/2024 15:00,SG-WEST,Transfer,787.74,Successful,0,254
3/30/2024 15:00,SG-ORCHARD,Deposit,968.37,Successful,0,255
3/30/2024 15:00,SG-JURONG,Withdrawal,1865.29,Successful,0,372
3/30/2024 15:00,SG-ORCHARD,Deposit,8860.38,Successful,0,251
3/30/2024 15:00,SG-MAIN,Withdrawal,86,Successful,0,214
3/30/2024 15:00,SG-JURONG,Transfer,267.95,Successful,0,218
3/30/2024 15:00,SG-EAST,Deposit,4535.02,Successful,0,428
3/30/2024 15:00,SG-TAMP,Withdrawal,2699.66,Successful,0,237
3/30/2024 15:00,SG-WEST,Payment,2132.66,Successful,0,266
3/30/2024 15:00,SG-ORCHARD,Payment,10657.65,Failed,0,195
3/30/2024 15:00,SG-TAMP,Payment,1889.09,Successful,0,207
3/30/2024 15:00,SG-ORCHARD,Withdrawal,617.14,Successful,0,273
3/30/2024 15:00,SG-TAMP,Deposit,8257.82,Successful,0,400
3/30/2024 15:00,SG-MAIN,Payment,1351.75,Successful,0,198
3/30/2024 15:00,SG-MAIN,Withdrawal,117.08,Successful,0,346
3/30/2024 15:00,SG-EAST,Payment,4616.39,Successful,0,281
3/30/2024 15:00,SG-ORCHARD,Transfer,1208.43,Failed,0,303
3/30/2024 15:00,SG-WEST,Withdrawal,3719.44,Successful,0,302
3/30/2024 15:00,SG-WEST,Transfer,2118.98,Successful,0,298
3/30/2024 15:00,SG-EAST,Payment,628.26,Successful,0,272
3/30/2024 15:00,SG-MAIN,Deposit,6481.77,Successful,0,378
3/30/2024 15:00,SG-EAST,Withdrawal,978.33,Successful,0,356
3/30/2024 15:00,SG-MAIN,Deposit,3086.43,Successful,0,208
3/30/2024 15:00,SG-TAMP,Deposit,1647.39,Successful,0,126
3/30/2024 15:00,SG-MAIN,Transfer,2720.95,Successful,0,167
3/30/2024 15:00,SG-TAMP,Payment,1533.86,Successful,0,184
3/30/2024 15:00,SG-TAMP,Deposit,1007.22,Successful,0,267
3/30/2024 15:00,SG-TAMP,Transfer,2272.67,Successful,0,61
3/30/2024 16:00,SG-EAST,Deposit,1871.24,Successful,0,286
3/30/2024 16:00,SG-MAIN,Transfer,5845.06,Successful,0,298
3/30/2024 16:00,SG-MAIN,Withdrawal,689.16,Successful,0,330
3/30/2024 16:00,SG-JURONG,Deposit,3027.84,Successful,0,191
3/30/2024 16:00,SG-TAMP,Deposit,1236.65,Successful,0,370
3/30/2024 16:00,SG-EAST,Payment,1854.84,Successful,0,244
3/30/2024 16:00,SG-MAIN,Withdrawal,2893.28,Successful,0,97
3/30/2024 16:00,SG-TAMP,Payment,2316.77,Successful,0,275
3/30/2024 16:00,SG-EAST,Withdrawal,1676.44,Successful,0,113
3/30/2024 16:00,SG-MAIN,Withdrawal,6529.55,Successful,0,265
3/30/2024 16:00,SG-WEST,Deposit,3174.7,Successful,0,291
3/30/2024 16:00,SG-ORCHARD,Payment,2966.44,Successful,0,436
3/30/2024 16:00,SG-TAMP,Deposit,773.66,Failed,0,361
3/30/2024 16:00,SG-EAST,Withdrawal,2089.68,Successful,0,198
3/30/2024 16:00,SG-ORCHARD,Payment,1618.91,Successful,0,330
3/30/2024 16:00,SG-ORCHARD,Transfer,770.86,Successful,0,422
3/30/2024 16:00,SG-JURONG,Payment,549.84,Failed,0,314
3/30/2024 16:00,SG-ORCHARD,Payment,506.24,Successful,0,361
3/30/2024 16:00,SG-WEST,Payment,2.52,Successful,0,303
3/30/2024 16:00,SG-JURONG,Transfer,560.48,Successful,0,181
3/30/2024 16:00,SG-TAMP,Payment,685.29,Successful,0,214
3/30/2024 16:00,SG-MAIN,Deposit,69.98,Failed,0,258
3/30/2024 16:00,SG-EAST,Transfer,756.8,Successful,0,147
3/30/2024 16:00,SG-MAIN,Payment,462.26,Successful,0,398
3/30/2024 16:00,SG-TAMP,Withdrawal,824.19,Failed,0,276
3/30/2024 16:00,SG-ORCHARD,Transfer,2387.11,Successful,0,218
3/30/2024 16:00,SG-WEST,Withdrawal,3378.91,Successful,0,252
3/30/2024 16:00,SG-EAST,Deposit,979.77,Successful,0,354
3/30/2024 16:00,SG-MAIN,Deposit,1795.04,Successful,0,325
3/30/2024 16:00,SG-ORCHARD,Withdrawal,1516.15,Successful,0,245
3/30/2024 16:00,SG-WEST,Transfer,1809.83,Successful,0,202
3/30/2024 16:00,SG-JURONG,Withdrawal,403.58,Successful,0,263
3/30/2024 16:00,SG-ORCHARD,Transfer,683.66,Successful,0,144
3/30/2024 16:00,SG-WEST,Transfer,855.21,Successful,0,223
3/30/2024 16:00,SG-TAMP,Withdrawal,3345,Successful,0,264
3/30/2024 16:00,SG-JURONG,Deposit,2814.36,Successful,0,198
3/30/2024 16:00,SG-MAIN,Payment,1148.85,Failed,0,247
3/30/2024 16:00,SG-TAMP,Deposit,1372.52,Successful,0,138
3/30/2024 16:00,SG-TAMP,Withdrawal,2514.9,Successful,0,257
3/30/2024 16:00,SG-EAST,Transfer,294,Successful,0,378
3/30/2024 16:00,SG-EAST,Deposit,892.64,Failed,0,257
3/30/2024 16:00,SG-EAST,Deposit,288.94,Successful,0,328
3/30/2024 16:00,SG-WEST,Payment,680.52,Successful,0,367
3/30/2024 16:00,SG-MAIN,Deposit,1167.45,Successful,0,267
3/30/2024 16:00,SG-MAIN,Payment,3117.93,Successful,0,320
3/30/2024 16:00,SG-EAST,Transfer,666.46,Successful,0,287
3/30/2024 16:00,SG-ORCHARD,Payment,5402.06,Successful,0,167
3/30/2024 16:00,SG-MAIN,Deposit,6773.23,Successful,0,137
3/30/2024 16:00,SG-TAMP,Payment,3061.95,Successful,0,317
3/30/2024 16:00,SG-ORCHARD,Transfer,2415.34,Successful,0,194
3/30/2024 16:00,SG-WEST,Transfer,99.05,Successful,0,264
3/30/2024 16:00,SG-EAST,Payment,1063.48,Successful,0,242
3/30/2024 16:00,SG-MAIN,Withdrawal,299.22,Successful,0,101
3/30/2024 16:00,SG-EAST,Transfer,3284.64,Successful,0,147
3/30/2024 16:00,SG-JURONG,Withdrawal,535.12,Successful,0,388
3/30/2024 16:00,SG-ORCHARD,Transfer,507.03,Successful,0,183
3/30/2024 16:00,SG-ORCHARD,Withdrawal,4570.02,Successful,0,172
3/30/2024 16:00,SG-JURONG,Withdrawal,5108.46,Successful,0,218
3/30/2024 16:00,SG-JURONG,Deposit,162.61,Successful,0,296
3/30/2024 16:00,SG-ORCHARD,Payment,442.46,Successful,0,273
3/30/2024 16:00,SG-ORCHARD,Deposit,905.73,Failed,0,207
3/30/2024 16:00,SG-TAMP,Deposit,5428.21,Successful,0,208
3/30/2024 16:00,SG-TAMP,Payment,809.89,Successful,0,237
3/30/2024 16:00,SG-JURONG,Transfer,1169.71,Successful,0,282
3/30/2024 16:00,SG-ORCHARD,Transfer,5804.43,Successful,0,38
3/30/2024 16:00,SG-WEST,Deposit,3824.85,Successful,0,241
3/30/2024 16:00,SG-EAST,Withdrawal,649.97,Successful,0,161
3/30/2024 16:00,SG-MAIN,Transfer,142.72,Successful,0,415
3/30/2024 16:00,SG-ORCHARD,Transfer,647.17,Successful,0,205
3/30/2024 16:00,SG-TAMP,Transfer,3459.16,Successful,0,345
3/30/2024 16:00,SG-WEST,Deposit,9450.05,Successful,0,159
3/30/2024 16:00,SG-TAMP,Payment,589.26,Successful,0,152
3/30/2024 16:00,SG-MAIN,Withdrawal,245.89,Successful,0,243
3/30/2024 16:00,SG-ORCHARD,Withdrawal,1661.51,Successful,0,273
3/30/2024 16:00,SG-JURONG,Payment,2749.6,Successful,0,396
3/30/2024 16:00,SG-EAST,Withdrawal,663.29,Successful,0,272
3/30/2024 16:00,SG-MAIN,Deposit,447.44,Successful,0,277
3/30/2024 16:00,SG-JURONG,Transfer,418.89,Successful,0,196
3/30/2024 16:00,SG-WEST,Withdrawal,677.71,Successful,0,328
3/30/2024 16:00,SG-WEST,Transfer,1327.82,Successful,0,330
3/30/2024 16:00,SG-TAMP,Withdrawal,292.54,Successful,0,224
3/30/2024 16:00,SG-EAST,Transfer,4995.58,Successful,0,314
3/30/2024 16:00,SG-ORCHARD,Transfer,705.28,Successful,0,171
3/30/2024 16:00,SG-JURONG,Deposit,1994.55,Successful,0,300
3/30/2024 16:00,SG-TAMP,Withdrawal,489.13,Failed,0,246
3/30/2024 16:00,SG-ORCHARD,Payment,2577.19,Successful,0,121
3/30/2024 16:00,SG-ORCHARD,Payment,1022.11,Successful,0,164
3/30/2024 16:00,SG-EAST,Transfer,2368.56,Successful,0,324
3/30/2024 16:00,SG-MAIN,Transfer,1875.88,Successful,0,201
3/30/2024 16:00,SG-ORCHARD,Withdrawal,1073.31,Successful,0,377
3/30/2024 16:00,SG-EAST,Deposit,1226.52,Successful,0,275
3/30/2024 16:00,SG-WEST,Transfer,894.29,Failed,1,252
3/30/2024 16:00,SG-EAST,Transfer,7023.23,Successful,0,166
3/30/2024 16:00,SG-JURONG,Deposit,1689.57,Successful,0,240
3/30/2024 16:00,SG-WEST,Transfer,920.82,Successful,0,205
3/30/2024 16:00,SG-MAIN,Withdrawal,296.88,Successful,0,114
3/30/2024 16:00,SG-TAMP,Transfer,360.9,Successful,0,303
3/30/2024 16:00,SG-MAIN,Payment,725.1,Successful,0,441
3/30/2024 16:00,SG-TAMP,Withdrawal,6412.47,Successful,0,387
3/30/2024 16:00,SG-MAIN,Withdrawal,2777.75,Successful,0,314
3/30/2024 16:00,SG-WEST,Deposit,2772.17,Failed,1,297
3/30/2024 16:00,SG-TAMP,Withdrawal,2440.18,Successful,0,29
3/30/2024 16:00,SG-MAIN,Payment,1680.15,Successful,0,305
3/30/2024 16:00,SG-EAST,Withdrawal,2143.31,Successful,0,190
3/30/2024 16:00,SG-WEST,Withdrawal,487.62,Successful,0,228
3/30/2024 16:00,SG-MAIN,Transfer,2766.52,Successful,0,42
3/30/2024 16:00,SG-TAMP,Transfer,2339.32,Successful,0,180
3/30/2024 16:00,SG-ORCHARD,Payment,6082.73,Successful,0,119
3/30/2024 16:00,SG-WEST,Deposit,217.55,Successful,0,322
3/30/2024 16:00,SG-MAIN,Deposit,4995.33,Failed,0,149
3/30/2024 16:00,SG-EAST,Deposit,5500.61,Successful,0,185
3/30/2024 16:00,SG-ORCHARD,Withdrawal,3007.64,Successful,0,166
3/30/2024 16:00,SG-JURONG,Withdrawal,2500,Successful,0,194
3/30/2024 16:00,SG-WEST,Withdrawal,483.94,Successful,0,329
3/30/2024 17:00,SG-MAIN,Withdrawal,715.64,Successful,0,73
3/30/2024 17:00,SG-WEST,Transfer,237.72,Failed,0,341
3/30/2024 17:00,SG-TAMP,Withdrawal,1016.86,Successful,0,271
3/30/2024 17:00,SG-TAMP,Deposit,1227.02,Successful,0,163
3/30/2024 17:00,SG-TAMP,Withdrawal,2748.31,Successful,0,224
3/30/2024 17:00,SG-WEST,Payment,1710.02,Successful,0,279
3/30/2024 17:00,SG-WEST,Deposit,2995.07,Successful,0,252
3/30/2024 17:00,SG-JURONG,Payment,2026.93,Successful,0,353
3/30/2024 17:00,SG-TAMP,Deposit,1083.86,Successful,0,190
3/30/2024 17:00,SG-EAST,Withdrawal,3302.41,Successful,0,265
3/30/2024 17:00,SG-MAIN,Withdrawal,5589.81,Successful,0,130
3/30/2024 17:00,SG-JURONG,Deposit,2863.41,Successful,0,212
3/30/2024 17:00,SG-WEST,Payment,1597.93,Successful,0,332
3/30/2024 17:00,SG-EAST,Withdrawal,163.59,Successful,0,276
3/30/2024 17:00,SG-WEST,Deposit,825.85,Successful,0,295
3/30/2024 17:00,SG-TAMP,Withdrawal,413.68,Successful,0,192
3/30/2024 17:00,SG-EAST,Deposit,3320.26,Successful,0,211
3/30/2024 17:00,SG-EAST,Transfer,725.63,Successful,0,269
3/30/2024 17:00,SG-MAIN,Payment,3029.4,Successful,0,176
3/30/2024 17:00,SG-WEST,Transfer,3038.76,Successful,0,228
3/30/2024 17:00,SG-EAST,Withdrawal,2411.35,Successful,0,302
3/30/2024 17:00,SG-JURONG,Deposit,3934.98,Successful,0,186
3/30/2024 17:00,SG-ORCHARD,Deposit,158.12,Successful,0,266
3/30/2024 17:00,SG-ORCHARD,Deposit,2945.56,Successful,0,255
3/30/2024 17:00,SG-ORCHARD,Payment,1194.97,Successful,0,361
3/30/2024 17:00,SG-ORCHARD,Deposit,2332.22,Successful,0,275
3/30/2024 17:00,SG-EAST,Transfer,1208.14,Successful,0,195
3/30/2024 17:00,SG-ORCHARD,Deposit,559.9,Successful,0,316
3/30/2024 17:00,SG-TAMP,Transfer,286.76,Successful,0,333
3/30/2024 17:00,SG-MAIN,Deposit,5622.05,Successful,0,275
3/30/2024 17:00,SG-MAIN,Withdrawal,249.76,Successful,0,276
3/30/2024 17:00,SG-TAMP,Payment,2515.5,Successful,0,295
3/30/2024 17:00,SG-TAMP,Transfer,727.53,Successful,0,217
3/30/2024 17:00,SG-MAIN,Deposit,1198.51,Successful,0,225
3/30/2024 17:00,SG-JURONG,Transfer,556.12,Successful,0,92
3/30/2024 17:00,SG-JURONG,Deposit,1623.19,Successful,0,306
3/30/2024 17:00,SG-ORCHARD,Withdrawal,366.87,Successful,0,212
3/30/2024 17:00,SG-WEST,Withdrawal,3052.05,Successful,0,183
3/30/2024 17:00,SG-TAMP,Deposit,1501.4,Successful,0,158
3/30/2024 17:00,SG-ORCHARD,Deposit,828.42,Successful,0,233
3/30/2024 17:00,SG-TAMP,Withdrawal,4292.12,Successful,0,196
3/30/2024 17:00,SG-JURONG,Withdrawal,101.82,Failed,1,296
3/30/2024 17:00,SG-WEST,Withdrawal,169.86,Failed,0,245
3/30/2024 17:00,SG-TAMP,Payment,344.68,Successful,0,410
3/30/2024 17:00,SG-EAST,Withdrawal,446.75,Successful,0,264
3/30/2024 17:00,SG-TAMP,Payment,2906.81,Successful,0,232
3/30/2024 17:00,SG-ORCHARD,Payment,306.05,Successful,0,318
3/30/2024 17:00,SG-WEST,Payment,3487.02,Successful,0,334
3/30/2024 17:00,SG-ORCHARD,Transfer,5029.51,Successful,0,165
3/30/2024 17:00,SG-ORCHARD,Payment,848.2,Successful,0,391
3/30/2024 17:00,SG-EAST,Payment,28.5,Successful,0,239
3/30/2024 17:00,SG-TAMP,Payment,1251.39,Successful,0,295
3/30/2024 17:00,SG-TAMP,Transfer,2064.4,Successful,0,278
3/30/2024 17:00,SG-MAIN,Transfer,673.05,Successful,0,297
3/30/2024 17:00,SG-ORCHARD,Payment,2455.19,Successful,0,209
3/30/2024 17:00,SG-WEST,Deposit,3280.5,Successful,0,277
3/30/2024 17:00,SG-WEST,Deposit,851.12,Successful,0,254
3/30/2024 17:00,SG-TAMP,Withdrawal,778.31,Successful,0,246
3/30/2024 17:00,SG-JURONG,Withdrawal,8985.08,Successful,0,318
3/30/2024 17:00,SG-TAMP,Transfer,933.65,Successful,0,311
3/30/2024 17:00,SG-TAMP,Transfer,2316.74,Successful,0,218
3/30/2024 17:00,SG-TAMP,Transfer,4193.22,Successful,0,286
3/30/2024 17:00,SG-WEST,Payment,7773.36,Successful,0,294
3/30/2024 17:00,SG-TAMP,Deposit,4615.43,Successful,0,306
3/30/2024 17:00,SG-ORCHARD,Payment,468.45,Successful,0,274
3/30/2024 17:00,SG-MAIN,Payment,932.15,Successful,0,166
3/30/2024 17:00,SG-WEST,Withdrawal,4612.37,Successful,0,261
3/30/2024 17:00,SG-TAMP,Payment,3612.16,Successful,0,178
3/30/2024 17:00,SG-TAMP,Deposit,4008.86,Failed,0,133
3/30/2024 17:00,SG-ORCHARD,Transfer,1061.61,Successful,0,296
3/30/2024 17:00,SG-TAMP,Transfer,1498.85,Successful,0,207
3/30/2024 17:00,SG-EAST,Transfer,1251.41,Successful,0,270
3/30/2024 17:00,SG-ORCHARD,Deposit,4480.78,Successful,0,316
3/30/2024 17:00,SG-MAIN,Deposit,930.62,Successful,0,208
3/30/2024 17:00,SG-MAIN,Transfer,101.98,Successful,0,239
3/30/2024 17:00,SG-WEST,Payment,1233.74,Successful,0,303
3/30/2024 17:00,SG-EAST,Payment,1993.63,Successful,0,180
3/30/2024 17:00,SG-MAIN,Deposit,1146.64,Successful,0,241
3/30/2024 17:00,SG-EAST,Deposit,903.24,Successful,0,295
3/30/2024 17:00,SG-WEST,Payment,285.26,Failed,0,214
3/30/2024 17:00,SG-JURONG,Payment,212.99,Successful,0,281
3/30/2024 17:00,SG-JURONG,Deposit,6853.71,Successful,0,479
3/30/2024 17:00,SG-EAST,Transfer,1172.2,Successful,0,213
3/30/2024 17:00,SG-MAIN,Payment,146.32,Successful,0,346
3/30/2024 17:00,SG-WEST,Withdrawal,2212.6,Successful,0,182
3/30/2024 17:00,SG-ORCHARD,Payment,411.71,Successful,0,375
3/30/2024 17:00,SG-WEST,Deposit,4004.54,Successful,0,203
3/30/2024 17:00,SG-MAIN,Transfer,1361.08,Successful,0,268
3/30/2024 17:00,SG-EAST,Withdrawal,3354.95,Successful,0,111
3/30/2024 17:00,SG-JURONG,Transfer,126.02,Successful,0,304
3/30/2024 17:00,SG-ORCHARD,Withdrawal,1602.96,Successful,0,343
3/30/2024 17:00,SG-TAMP,Payment,954.74,Successful,0,192
3/30/2024 17:00,SG-JURONG,Transfer,4305.52,Successful,0,217
3/30/2024 17:00,SG-ORCHARD,Deposit,371.03,Successful,0,195
3/30/2024 17:00,SG-WEST,Deposit,492.12,Successful,0,277
3/30/2024 17:00,SG-MAIN,Withdrawal,1345.47,Successful,0,260
3/30/2024 18:00,SG-WEST,Withdrawal,1214.52,Successful,0,251
3/30/2024 18:00,SG-MAIN,Deposit,85.64,Successful,0,347
3/30/2024 18:00,SG-WEST,Payment,3352.7,Successful,0,335
3/30/2024 18:00,SG-EAST,Transfer,350.5,Successful,0,356
3/30/2024 18:00,SG-EAST,Transfer,1320.12,Successful,0,260
3/30/2024 18:00,SG-EAST,Withdrawal,4170.83,Successful,0,105
3/30/2024 18:00,SG-TAMP,Deposit,3171.68,Successful,0,189
3/30/2024 18:00,SG-WEST,Withdrawal,654.77,Successful,0,274
3/30/2024 18:00,SG-ORCHARD,Withdrawal,2618.75,Successful,0,379
3/30/2024 18:00,SG-TAMP,Withdrawal,1791.37,Successful,0,206
3/30/2024 18:00,SG-JURONG,Payment,690.54,Successful,0,311
3/30/2024 18:00,SG-WEST,Payment,1808.37,Successful,0,212
3/30/2024 18:00,SG-WEST,Deposit,1189.47,Successful,0,167
3/30/2024 18:00,SG-WEST,Deposit,2661.63,Successful,0,239
3/30/2024 18:00,SG-MAIN,Payment,8820.7,Successful,0,282
3/30/2024 18:00,SG-WEST,Transfer,4316.66,Successful,0,46
3/30/2024 18:00,SG-WEST,Deposit,274.21,Successful,0,225
3/30/2024 18:00,SG-JURONG,Withdrawal,607.3,Successful,0,230
3/30/2024 18:00,SG-TAMP,Transfer,822.17,Failed,0,268
3/30/2024 18:00,SG-EAST,Withdrawal,2990.42,Successful,0,360
3/30/2024 18:00,SG-EAST,Withdrawal,364.03,Successful,0,211
3/30/2024 18:00,SG-WEST,Withdrawal,2235.03,Successful,0,348
3/30/2024 18:00,SG-WEST,Payment,2605.07,Successful,0,336
3/30/2024 18:00,SG-WEST,Transfer,1271,Successful,0,264
3/30/2024 18:00,SG-ORCHARD,Transfer,2516.67,Successful,0,219
3/30/2024 18:00,SG-MAIN,Transfer,4328.35,Successful,0,127
3/30/2024 18:00,SG-ORCHARD,Payment,878.74,Successful,0,32
3/30/2024 18:00,SG-TAMP,Transfer,5256.66,Successful,0,290
3/30/2024 18:00,SG-EAST,Payment,2618.01,Successful,0,262
3/30/2024 18:00,SG-EAST,Deposit,2631.28,Successful,0,306
3/30/2024 18:00,SG-MAIN,Payment,2043.36,Successful,0,272
3/30/2024 18:00,SG-ORCHARD,Deposit,851.02,Successful,0,204
3/30/2024 18:00,SG-JURONG,Deposit,1417.47,Successful,0,237
3/30/2024 18:00,SG-TAMP,Transfer,5414.24,Successful,0,128
3/30/2024 18:00,SG-WEST,Payment,3512.13,Successful,0,188
3/30/2024 18:00,SG-ORCHARD,Deposit,343.6,Successful,0,93
3/30/2024 18:00,SG-TAMP,Deposit,347.47,Successful,0,392
3/30/2024 18:00,SG-JURONG,Deposit,951.99,Successful,0,194
3/30/2024 18:00,SG-ORCHARD,Transfer,108.28,Successful,0,291
3/30/2024 18:00,SG-MAIN,Deposit,1022.35,Successful,0,190
3/30/2024 18:00,SG-JURONG,Deposit,1227.82,Successful,0,226
3/30/2024 18:00,SG-EAST,Transfer,71.83,Successful,0,311
3/30/2024 18:00,SG-JURONG,Withdrawal,86.48,Successful,0,130
3/30/2024 18:00,SG-WEST,Withdrawal,1310.26,Successful,0,160
3/30/2024 18:00,SG-MAIN,Transfer,151.67,Successful,0,189
3/30/2024 18:00,SG-ORCHARD,Payment,3198.97,Successful,0,161
3/30/2024 18:00,SG-WEST,Deposit,2100.49,Successful,0,281
3/30/2024 18:00,SG-MAIN,Deposit,2394.09,Successful,0,167
3/30/2024 18:00,SG-TAMP,Transfer,1232.44,Successful,0,104
3/30/2024 18:00,SG-TAMP,Transfer,264.74,Successful,0,167
3/30/2024 18:00,SG-JURONG,Deposit,2211.21,Successful,0,416
3/30/2024 18:00,SG-ORCHARD,Withdrawal,138.35,Successful,0,330
3/30/2024 18:00,SG-ORCHARD,Transfer,1689.49,Successful,0,296
3/30/2024 18:00,SG-WEST,Withdrawal,638.23,Successful,0,188
3/30/2024 18:00,SG-WEST,Payment,360.63,Successful,0,223
3/30/2024 18:00,SG-WEST,Withdrawal,5122.49,Successful,0,309
3/30/2024 18:00,SG-MAIN,Payment,527.85,Successful,0,179
3/30/2024 18:00,SG-TAMP,Payment,3084.45,Successful,0,201
3/30/2024 18:00,SG-TAMP,Withdrawal,237.22,Successful,0,117
3/30/2024 18:00,SG-MAIN,Transfer,1063.5,Successful,0,295
3/30/2024 18:00,SG-TAMP,Transfer,245,Successful,0,282
3/30/2024 18:00,SG-MAIN,Payment,2208.91,Successful,0,306
3/30/2024 18:00,SG-TAMP,Transfer,790.85,Successful,0,250
3/30/2024 18:00,SG-WEST,Transfer,30.83,Successful,0,154
3/30/2024 18:00,SG-TAMP,Payment,483.92,Successful,0,242
3/30/2024 18:00,SG-ORCHARD,Deposit,3185.09,Successful,0,175
3/30/2024 18:00,SG-MAIN,Deposit,4239.11,Successful,0,300
3/30/2024 18:00,SG-ORCHARD,Withdrawal,1230.68,Successful,0,171
3/30/2024 18:00,SG-WEST,Deposit,2280.04,Successful,0,282
3/30/2024 18:00,SG-MAIN,Deposit,316.91,Successful,0,188
3/30/2024 18:00,SG-ORCHARD,Payment,2342.97,Successful,0,202
3/30/2024 18:00,SG-JURONG,Transfer,2498.9,Successful,0,328
3/30/2024 18:00,SG-TAMP,Transfer,1547.13,Successful,0,195
3/30/2024 18:00,SG-TAMP,Payment,73.73,Successful,0,340
3/30/2024 18:00,SG-TAMP,Transfer,263.83,Successful,0,232
3/30/2024 18:00,SG-ORCHARD,Deposit,54.64,Successful,0,323
3/30/2024 18:00,SG-WEST,Withdrawal,4362.95,Successful,0,158
3/30/2024 18:00,SG-MAIN,Payment,2874.93,Successful,0,158
3/30/2024 18:00,SG-EAST,Withdrawal,3852.57,Successful,0,290
3/30/2024 18:00,SG-TAMP,Withdrawal,434.9,Failed,0,266
3/30/2024 18:00,SG-TAMP,Transfer,235.77,Successful,0,338
3/30/2024 18:00,SG-JURONG,Transfer,278.28,Successful,0,356
3/30/2024 18:00,SG-WEST,Transfer,2436.01,Failed,0,281
3/30/2024 18:00,SG-JURONG,Payment,7909.48,Successful,0,245
3/30/2024 18:00,SG-ORCHARD,Withdrawal,3161.66,Failed,0,343
3/30/2024 18:00,SG-TAMP,Withdrawal,158.74,Successful,0,241
3/30/2024 18:00,SG-ORCHARD,Transfer,1188.64,Successful,0,180
3/30/2024 18:00,SG-TAMP,Deposit,459.73,Successful,0,270
3/30/2024 18:00,SG-EAST,Payment,4758.6,Successful,0,225
3/30/2024 18:00,SG-ORCHARD,Withdrawal,253.69,Successful,0,391
3/30/2024 18:00,SG-EAST,Deposit,1479.02,Successful,0,107
3/30/2024 19:00,SG-MAIN,Withdrawal,465.69,Successful,0,300
3/30/2024 19:00,SG-MAIN,Payment,4790.24,Successful,0,249
3/30/2024 19:00,SG-ORCHARD,Transfer,1006.77,Successful,0,313
3/30/2024 19:00,SG-ORCHARD,Deposit,719.72,Successful,0,310
3/30/2024 19:00,SG-MAIN,Transfer,179.62,Successful,0,294
3/30/2024 19:00,SG-MAIN,Withdrawal,935.23,Successful,0,287
3/30/2024 19:00,SG-EAST,Transfer,2982.13,Successful,0,271
3/30/2024 19:00,SG-JURONG,Deposit,1857.34,Successful,0,287
3/30/2024 19:00,SG-JURONG,Transfer,6439.78,Successful,0,277
3/30/2024 19:00,SG-MAIN,Payment,870.65,Successful,0,189
3/30/2024 19:00,SG-WEST,Transfer,3677.34,Successful,0,289
3/30/2024 19:00,SG-ORCHARD,Transfer,0.95,Successful,0,259
3/30/2024 19:00,SG-ORCHARD,Transfer,8565.83,Successful,0,169
3/30/2024 19:00,SG-ORCHARD,Transfer,2290.43,Successful,0,348
3/30/2024 19:00,SG-MAIN,Transfer,4077.41,Successful,0,194
3/30/2024 19:00,SG-ORCHARD,Deposit,6892.41,Successful,0,280
3/30/2024 19:00,SG-EAST,Payment,945.62,Successful,0,121
3/30/2024 19:00,SG-WEST,Deposit,1126.5,Successful,0,237
3/30/2024 19:00,SG-WEST,Payment,96.02,Successful,0,326
3/30/2024 19:00,SG-WEST,Payment,6205.81,Successful,0,164
3/30/2024 19:00,SG-ORCHARD,Payment,2065.94,Successful,0,156
3/30/2024 19:00,SG-ORCHARD,Payment,424.25,Successful,0,254
3/30/2024 19:00,SG-EAST,Withdrawal,6369.17,Successful,0,148
3/30/2024 19:00,SG-WEST,Payment,3795.35,Successful,0,413
3/30/2024 19:00,SG-EAST,Transfer,3477.21,Successful,0,413
3/30/2024 19:00,SG-TAMP,Transfer,49.23,Successful,0,177
3/30/2024 19:00,SG-EAST,Deposit,389.42,Successful,0,313
3/30/2024 19:00,SG-EAST,Transfer,1428.67,Successful,0,144
3/30/2024 19:00,SG-TAMP,Withdrawal,629.49,Successful,0,120
3/30/2024 19:00,SG-JURONG,Transfer,1508.4,Successful,0,177
3/30/2024 19:00,SG-TAMP,Deposit,3520.62,Successful,0,404
3/30/2024 19:00,SG-JURONG,Payment,1298.67,Successful,0,157
3/30/2024 19:00,SG-ORCHARD,Transfer,3814.48,Successful,0,208
3/30/2024 19:00,SG-WEST,Payment,641.06,Successful,0,204
3/30/2024 19:00,SG-ORCHARD,Payment,2434.39,Successful,0,281
3/30/2024 19:00,SG-MAIN,Payment,775.75,Failed,0,223
3/30/2024 19:00,SG-TAMP,Transfer,103.59,Successful,0,147
3/30/2024 19:00,SG-EAST,Withdrawal,5080.35,Successful,0,278
3/30/2024 19:00,SG-JURONG,Withdrawal,816.37,Successful,0,300
3/30/2024 19:00,SG-JURONG,Transfer,1946,Successful,0,293
3/30/2024 19:00,SG-TAMP,Withdrawal,3210.57,Successful,0,250
3/30/2024 19:00,SG-TAMP,Deposit,1080.59,Successful,0,270
3/30/2024 19:00,SG-WEST,Payment,276.48,Successful,0,215
3/30/2024 19:00,SG-ORCHARD,Deposit,2221.97,Successful,0,240
3/30/2024 19:00,SG-TAMP,Transfer,5307.81,Successful,0,208
3/30/2024 19:00,SG-ORCHARD,Withdrawal,254.57,Successful,0,335
3/30/2024 19:00,SG-MAIN,Withdrawal,4211.86,Successful,0,214
3/30/2024 19:00,SG-MAIN,Withdrawal,2354.23,Successful,0,248
3/30/2024 19:00,SG-WEST,Payment,418.35,Successful,0,400
3/30/2024 19:00,SG-EAST,Withdrawal,135.75,Successful,0,254
3/30/2024 19:00,SG-ORCHARD,Payment,1895.06,Successful,0,319
3/30/2024 19:00,SG-ORCHARD,Withdrawal,2417,Successful,0,147
3/30/2024 19:00,SG-TAMP,Withdrawal,1378.56,Successful,0,264
3/30/2024 19:00,SG-TAMP,Payment,4392.63,Successful,0,204
3/30/2024 19:00,SG-EAST,Transfer,71.74,Successful,0,269
3/30/2024 19:00,SG-WEST,Payment,815.37,Successful,0,237
3/30/2024 19:00,SG-JURONG,Withdrawal,585.69,Successful,0,286
3/30/2024 19:00,SG-JURONG,Withdrawal,2522.46,Successful,0,206
3/30/2024 19:00,SG-WEST,Deposit,3379.19,Successful,0,282
3/30/2024 19:00,SG-WEST,Transfer,509.06,Successful,0,238
3/30/2024 19:00,SG-EAST,Transfer,883.96,Successful,0,234
3/30/2024 19:00,SG-JURONG,Transfer,1065.27,Successful,0,289
3/30/2024 19:00,SG-TAMP,Deposit,4802.23,Successful,0,117
3/30/2024 19:00,SG-TAMP,Withdrawal,4697.61,Successful,0,230
3/30/2024 19:00,SG-EAST,Deposit,2343.27,Successful,0,324
3/30/2024 19:00,SG-JURONG,Deposit,140.34,Successful,0,240
3/30/2024 19:00,SG-JURONG,Withdrawal,1763.38,Successful,0,256
3/30/2024 19:00,SG-TAMP,Payment,320.64,Successful,0,272
3/30/2024 19:00,SG-TAMP,Deposit,1305.06,Successful,0,330
3/30/2024 19:00,SG-MAIN,Transfer,813.04,Successful,0,298
3/30/2024 19:00,SG-WEST,Deposit,5137.03,Successful,0,311
3/30/2024 19:00,SG-EAST,Deposit,1805.85,Failed,0,98
3/30/2024 19:00,SG-WEST,Payment,3695.32,Successful,0,245
3/30/2024 19:00,SG-WEST,Payment,129.51,Successful,0,180
3/30/2024 19:00,SG-EAST,Withdrawal,1006.14,Successful,0,257
3/30/2024 19:00,SG-JURONG,Deposit,5251.51,Successful,0,246
3/30/2024 19:00,SG-EAST,Payment,6698.28,Successful,0,197
3/30/2024 19:00,SG-TAMP,Payment,4067.04,Successful,0,200
3/30/2024 19:00,SG-EAST,Payment,9457.66,Successful,0,194
3/30/2024 19:00,SG-EAST,Payment,221.47,Successful,0,286
3/30/2024 19:00,SG-JURONG,Withdrawal,198.93,Successful,0,223
3/30/2024 19:00,SG-ORCHARD,Withdrawal,114.81,Successful,0,205
3/30/2024 19:00,SG-ORCHARD,Deposit,5613.1,Successful,0,219
3/30/2024 19:00,SG-WEST,Deposit,5334,Failed,0,219
3/30/2024 19:00,SG-TAMP,Deposit,655.41,Successful,0,298
3/30/2024 19:00,SG-TAMP,Deposit,1233.05,Successful,0,245
3/30/2024 19:00,SG-WEST,Deposit,303.29,Successful,0,114
3/30/2024 19:00,SG-ORCHARD,Payment,407.18,Successful,0,201
3/30/2024 19:00,SG-EAST,Transfer,704.69,Failed,0,231
3/30/2024 19:00,SG-TAMP,Deposit,1025.42,Successful,0,149
3/30/2024 19:00,SG-JURONG,Withdrawal,1332.66,Successful,0,401
3/30/2024 19:00,SG-EAST,Transfer,1075.04,Successful,0,248
3/30/2024 19:00,SG-JURONG,Payment,1668.69,Successful,0,278
3/30/2024 19:00,SG-MAIN,Withdrawal,619.32,Successful,0,284
3/30/2024 19:00,SG-WEST,Deposit,2253.01,Successful,0,178
3/30/2024 19:00,SG-EAST,Payment,347.97,Successful,0,308
3/30/2024 19:00,SG-TAMP,Transfer,635.79,Successful,0,220
3/30/2024 19:00,SG-JURONG,Withdrawal,34.87,Successful,0,259
3/30/2024 19:00,SG-JURONG,Transfer,579.4,Successful,0,244
3/30/2024 19:00,SG-WEST,Transfer,141.31,Successful,0,306
3/30/2024 19:00,SG-JURONG,Payment,1261.5,Successful,0,222
3/30/2024 19:00,SG-MAIN,Withdrawal,260.83,Successful,0,209
3/30/2024 19:00,SG-MAIN,Payment,138.51,Successful,0,225
3/30/2024 19:00,SG-MAIN,Deposit,2154.35,Successful,0,157
3/30/2024 19:00,SG-MAIN,Deposit,1800.23,Successful,0,295
3/30/2024 19:00,SG-MAIN,Withdrawal,113.17,Successful,0,219
3/30/2024 19:00,SG-WEST,Payment,252.25,Successful,0,241
3/30/2024 20:00,SG-EAST,Deposit,1910.66,Successful,0,263
3/30/2024 20:00,SG-ORCHARD,Deposit,5461.89,Successful,0,196
3/30/2024 20:00,SG-TAMP,Payment,146.56,Successful,0,248
3/30/2024 20:00,SG-JURONG,Transfer,2497.36,Successful,0,203
3/30/2024 20:00,SG-EAST,Withdrawal,493.37,Successful,0,246
3/30/2024 20:00,SG-ORCHARD,Payment,6337.85,Successful,0,171
3/30/2024 20:00,SG-ORCHARD,Transfer,1455.44,Successful,0,410
3/30/2024 20:00,SG-MAIN,Payment,2756.45,Successful,0,237
3/30/2024 20:00,SG-WEST,Withdrawal,5960.53,Successful,0,204
3/30/2024 20:00,SG-MAIN,Deposit,5444.96,Successful,0,307
3/30/2024 20:00,SG-EAST,Payment,4229.7,Successful,0,315
3/30/2024 20:00,SG-EAST,Transfer,40.75,Successful,0,423
3/30/2024 20:00,SG-EAST,Withdrawal,12847.73,Successful,0,92
3/30/2024 20:00,SG-WEST,Deposit,381.48,Successful,0,188
3/30/2024 20:00,SG-WEST,Payment,2582.96,Successful,0,193
3/30/2024 20:00,SG-TAMP,Payment,329.15,Successful,0,327
3/30/2024 20:00,SG-TAMP,Payment,344.71,Successful,0,174
3/30/2024 20:00,SG-ORCHARD,Withdrawal,2489.48,Successful,0,276
3/30/2024 20:00,SG-TAMP,Deposit,0.15,Successful,0,231
3/30/2024 20:00,SG-ORCHARD,Transfer,850.34,Successful,0,276
3/30/2024 20:00,SG-WEST,Deposit,74.67,Successful,0,335
3/30/2024 20:00,SG-JURONG,Transfer,5679.91,Successful,0,286
3/30/2024 20:00,SG-JURONG,Deposit,218.26,Successful,0,26
3/30/2024 20:00,SG-EAST,Transfer,725.94,Failed,0,79
3/30/2024 20:00,SG-MAIN,Payment,590.39,Successful,0,108
3/30/2024 20:00,SG-JURONG,Payment,686.98,Successful,0,372
3/30/2024 20:00,SG-TAMP,Transfer,1784.39,Successful,0,106
3/30/2024 20:00,SG-WEST,Withdrawal,1972.14,Successful,0,324
3/30/2024 20:00,SG-MAIN,Deposit,78.08,Successful,0,364
3/30/2024 20:00,SG-TAMP,Payment,1528.61,Successful,0,149
3/30/2024 20:00,SG-JURONG,Deposit,3018.82,Successful,0,239
3/30/2024 20:00,SG-EAST,Withdrawal,23.01,Successful,0,403
3/30/2024 20:00,SG-EAST,Transfer,830.18,Successful,0,225
3/30/2024 20:00,SG-EAST,Transfer,1492.5,Successful,0,223
3/30/2024 20:00,SG-WEST,Payment,518.82,Successful,0,409
3/30/2024 20:00,SG-JURONG,Payment,526.76,Successful,0,112
3/30/2024 20:00,SG-WEST,Deposit,2943.67,Successful,0,177
3/30/2024 20:00,SG-WEST,Withdrawal,1385.01,Successful,0,253
3/30/2024 20:00,SG-EAST,Transfer,3940.94,Successful,0,102
3/30/2024 20:00,SG-ORCHARD,Transfer,2236.81,Successful,0,172
3/30/2024 20:00,SG-ORCHARD,Transfer,452.1,Successful,0,215
3/30/2024 20:00,SG-EAST,Payment,4607.4,Successful,0,276
3/30/2024 20:00,SG-MAIN,Transfer,1668.77,Successful,0,393
3/30/2024 20:00,SG-JURONG,Deposit,1137.17,Successful,0,268
3/30/2024 20:00,SG-EAST,Deposit,3939.44,Successful,0,228
3/30/2024 20:00,SG-TAMP,Payment,2543.11,Successful,0,371
3/30/2024 20:00,SG-EAST,Transfer,3109.87,Successful,0,316
3/30/2024 20:00,SG-JURONG,Deposit,1170.65,Successful,0,249
3/30/2024 20:00,SG-TAMP,Payment,2351.36,Successful,0,224
3/30/2024 20:00,SG-ORCHARD,Payment,3560.8,Successful,0,159
3/30/2024 20:00,SG-EAST,Deposit,2602.83,Successful,0,204
3/30/2024 20:00,SG-WEST,Transfer,2515.45,Successful,0,232
3/30/2024 20:00,SG-JURONG,Transfer,3336.06,Successful,0,144
3/30/2024 20:00,SG-JURONG,Deposit,747.11,Successful,0,186
3/30/2024 20:00,SG-ORCHARD,Transfer,2127.44,Successful,0,285
3/30/2024 20:00,SG-ORCHARD,Deposit,208.13,Successful,0,148
3/30/2024 20:00,SG-EAST,Deposit,369.76,Successful,0,269
3/30/2024 20:00,SG-TAMP,Payment,1477.54,Successful,0,251
3/30/2024 20:00,SG-ORCHARD,Deposit,2863.6,Successful,0,280
3/30/2024 20:00,SG-TAMP,Withdrawal,1718.17,Successful,0,280
3/30/2024 20:00,SG-TAMP,Deposit,1341.66,Successful,0,177
3/30/2024 20:00,SG-TAMP,Withdrawal,2282.25,Successful,0,260
3/30/2024 20:00,SG-ORCHARD,Payment,565.47,Successful,0,263
3/30/2024 20:00,SG-ORCHARD,Withdrawal,2000.92,Successful,0,252
3/30/2024 20:00,SG-MAIN,Deposit,691.17,Successful,0,208
3/30/2024 20:00,SG-JURONG,Withdrawal,279.43,Successful,0,200
3/30/2024 20:00,SG-JURONG,Payment,1377.11,Successful,0,274
3/30/2024 20:00,SG-ORCHARD,Payment,1288.54,Successful,0,202
3/30/2024 20:00,SG-WEST,Payment,4239.78,Successful,0,275
3/30/2024 20:00,SG-ORCHARD,Deposit,389,Successful,0,330
3/30/2024 20:00,SG-ORCHARD,Payment,360.31,Successful,0,142
3/30/2024 20:00,SG-MAIN,Payment,277.74,Successful,0,222
3/30/2024 20:00,SG-MAIN,Withdrawal,3102.32,Successful,0,249
3/30/2024 20:00,SG-WEST,Transfer,1210.2,Successful,0,267
3/30/2024 20:00,SG-MAIN,Transfer,2265.38,Successful,0,358
3/30/2024 20:00,SG-JURONG,Deposit,357.31,Successful,0,195
3/30/2024 20:00,SG-MAIN,Withdrawal,12.04,Successful,0,138
3/30/2024 20:00,SG-MAIN,Withdrawal,1041.73,Successful,0,203
3/30/2024 20:00,SG-EAST,Payment,111.58,Successful,0,241
3/30/2024 20:00,SG-WEST,Payment,351.12,Successful,0,207
3/30/2024 20:00,SG-TAMP,Payment,1615.11,Successful,0,329
3/30/2024 20:00,SG-MAIN,Transfer,923.1,Successful,0,302
3/30/2024 20:00,SG-MAIN,Deposit,4293.3,Successful,0,168
3/30/2024 20:00,SG-EAST,Withdrawal,444.8,Successful,0,220
3/30/2024 20:00,SG-ORCHARD,Deposit,3408.21,Successful,0,338
3/30/2024 20:00,SG-MAIN,Withdrawal,5055.45,Successful,0,222
3/30/2024 20:00,SG-TAMP,Deposit,129.92,Successful,0,243
3/30/2024 20:00,SG-WEST,Deposit,1032.25,Failed,0,267
3/30/2024 20:00,SG-ORCHARD,Withdrawal,1412.79,Successful,0,332
3/30/2024 20:00,SG-EAST,Payment,3743.49,Successful,0,351
3/30/2024 20:00,SG-EAST,Withdrawal,1458.38,Successful,0,170
3/30/2024 20:00,SG-WEST,Payment,730.63,Successful,0,331
3/30/2024 21:00,SG-JURONG,Payment,575.48,Successful,0,149
3/30/2024 21:00,SG-TAMP,Payment,227.84,Successful,0,254
3/30/2024 21:00,SG-WEST,Deposit,900.23,Successful,0,220
3/30/2024 21:00,SG-EAST,Transfer,623.53,Successful,0,356
3/30/2024 21:00,SG-JURONG,Deposit,1104.6,Successful,0,69
3/30/2024 21:00,SG-MAIN,Transfer,938.83,Successful,0,247
3/30/2024 21:00,SG-EAST,Withdrawal,1483.55,Successful,0,187
3/30/2024 21:00,SG-MAIN,Deposit,170.23,Successful,0,284
3/30/2024 21:00,SG-MAIN,Deposit,528.32,Successful,0,317
3/30/2024 21:00,SG-TAMP,Withdrawal,1510.2,Successful,0,267
3/30/2024 21:00,SG-MAIN,Transfer,376.79,Successful,0,295
3/30/2024 21:00,SG-JURONG,Withdrawal,3789.69,Failed,0,302
3/30/2024 21:00,SG-ORCHARD,Deposit,2246.72,Successful,0,223
3/30/2024 21:00,SG-TAMP,Deposit,9570.29,Successful,0,271
3/30/2024 21:00,SG-JURONG,Payment,1977.02,Successful,0,185
3/30/2024 21:00,SG-TAMP,Transfer,266.06,Successful,0,212
3/30/2024 21:00,SG-ORCHARD,Payment,125,Successful,0,273
3/30/2024 21:00,SG-JURONG,Payment,223.24,Successful,0,372
3/30/2024 21:00,SG-MAIN,Transfer,1070.04,Successful,0,191
3/30/2024 21:00,SG-TAMP,Transfer,2138.06,Successful,0,277
3/30/2024 21:00,SG-WEST,Deposit,444.43,Failed,0,319
3/30/2024 21:00,SG-TAMP,Transfer,2821.48,Successful,0,274
3/30/2024 21:00,SG-MAIN,Deposit,1392.89,Successful,0,295
3/30/2024 21:00,SG-WEST,Payment,3760.78,Successful,0,296
3/30/2024 21:00,SG-JURONG,Payment,5327.75,Successful,0,327
3/30/2024 21:00,SG-EAST,Payment,308.5,Successful,0,259
3/30/2024 21:00,SG-TAMP,Payment,6891.11,Successful,0,162
3/30/2024 21:00,SG-TAMP,Deposit,5660.43,Successful,0,183
3/30/2024 21:00,SG-WEST,Transfer,217.12,Successful,0,379
3/30/2024 21:00,SG-WEST,Deposit,2237.71,Successful,0,348
3/30/2024 21:00,SG-MAIN,Withdrawal,5226.51,Successful,0,355
3/30/2024 21:00,SG-WEST,Transfer,2424.82,Successful,0,194
3/30/2024 21:00,SG-WEST,Payment,2.31,Successful,0,188
3/30/2024 21:00,SG-JURONG,Deposit,1334.44,Successful,0,166
3/30/2024 21:00,SG-MAIN,Deposit,277.57,Successful,0,178
3/30/2024 21:00,SG-ORCHARD,Deposit,1162.88,Successful,0,206
3/30/2024 21:00,SG-ORCHARD,Deposit,142.35,Successful,0,353
3/30/2024 21:00,SG-ORCHARD,Deposit,192.09,Successful,0,213
3/30/2024 21:00,SG-ORCHARD,Transfer,2336.97,Successful,0,267
3/30/2024 21:00,SG-WEST,Transfer,1737.01,Failed,0,191
3/30/2024 21:00,SG-JURONG,Transfer,753.64,Successful,0,351
3/30/2024 21:00,SG-EAST,Transfer,4351.14,Successful,0,219
3/30/2024 21:00,SG-EAST,Transfer,87.24,Successful,0,377
3/30/2024 21:00,SG-WEST,Transfer,6072.55,Successful,0,145
3/30/2024 21:00,SG-TAMP,Transfer,103.64,Successful,0,248
3/30/2024 21:00,SG-EAST,Deposit,2574.14,Successful,0,171
3/30/2024 21:00,SG-MAIN,Withdrawal,3272.13,Successful,0,140
3/30/2024 21:00,SG-JURONG,Payment,644.01,Successful,0,210
3/30/2024 21:00,SG-EAST,Transfer,2022.37,Successful,0,295
3/30/2024 21:00,SG-MAIN,Deposit,5945.68,Successful,0,185
3/30/2024 21:00,SG-ORCHARD,Deposit,1917.73,Successful,0,355
3/30/2024 21:00,SG-ORCHARD,Deposit,1064.09,Successful,0,181
3/30/2024 21:00,SG-ORCHARD,Payment,4036.3,Successful,0,218
3/30/2024 21:00,SG-JURONG,Transfer,1277.46,Successful,0,327
3/30/2024 21:00,SG-TAMP,Payment,1059.64,Successful,0,166
3/30/2024 21:00,SG-MAIN,Payment,409.37,Successful,0,190
3/30/2024 21:00,SG-WEST,Transfer,5567.83,Successful,0,199
3/30/2024 21:00,SG-WEST,Transfer,3.46,Successful,0,287
3/30/2024 21:00,SG-WEST,Deposit,1676.71,Successful,0,260
3/30/2024 21:00,SG-ORCHARD,Payment,2404.98,Successful,0,229
3/30/2024 21:00,SG-WEST,Deposit,74.7,Successful,0,235
3/30/2024 21:00,SG-TAMP,Withdrawal,1911.75,Successful,0,105
3/30/2024 21:00,SG-EAST,Deposit,4.28,Successful,0,165
3/30/2024 21:00,SG-EAST,Payment,1111.32,Successful,0,312
3/30/2024 21:00,SG-JURONG,Withdrawal,784.02,Successful,0,361
3/30/2024 21:00,SG-EAST,Withdrawal,1578.98,Failed,0,313
3/30/2024 21:00,SG-JURONG,Payment,1552.94,Successful,0,296
3/30/2024 21:00,SG-MAIN,Withdrawal,3311.73,Successful,0,268
3/30/2024 21:00,SG-EAST,Deposit,646.69,Successful,0,237
3/30/2024 21:00,SG-EAST,Withdrawal,3027.26,Successful,0,230
3/30/2024 21:00,SG-WEST,Deposit,9380.55,Successful,0,296
3/30/2024 21:00,SG-TAMP,Withdrawal,1146.12,Successful,0,246
3/30/2024 21:00,SG-EAST,Withdrawal,1082.67,Failed,0,83
3/30/2024 21:00,SG-WEST,Deposit,4329.21,Successful,0,177
3/30/2024 21:00,SG-MAIN,Transfer,81.27,Successful,0,405
3/30/2024 21:00,SG-JURONG,Deposit,1938.8,Successful,0,264
3/30/2024 21:00,SG-ORCHARD,Withdrawal,1289.12,Successful,0,339
3/30/2024 21:00,SG-TAMP,Transfer,1332.98,Successful,0,251
3/30/2024 21:00,SG-TAMP,Payment,521.72,Successful,0,264
3/30/2024 21:00,SG-MAIN,Withdrawal,220.57,Successful,0,182
3/30/2024 21:00,SG-TAMP,Deposit,2939.88,Successful,0,203
3/30/2024 21:00,SG-ORCHARD,Deposit,2331.42,Successful,0,302
3/30/2024 21:00,SG-JURONG,Payment,5986.05,Successful,0,275
3/30/2024 21:00,SG-MAIN,Deposit,546.42,Successful,0,362
3/30/2024 21:00,SG-WEST,Payment,1106.03,Successful,0,371
3/30/2024 22:00,SG-TAMP,Withdrawal,1123.54,Successful,0,276
3/30/2024 22:00,SG-MAIN,Transfer,1088.26,Successful,0,330
3/30/2024 22:00,SG-WEST,Withdrawal,2147.45,Successful,0,299
3/30/2024 22:00,SG-JURONG,Payment,885.75,Successful,0,166
3/30/2024 22:00,SG-WEST,Payment,4719.27,Successful,0,224
3/30/2024 22:00,SG-EAST,Withdrawal,3911.13,Successful,0,246
3/30/2024 22:00,SG-EAST,Deposit,1613.05,Successful,0,359
3/30/2024 22:00,SG-MAIN,Payment,2345.65,Successful,0,60
3/30/2024 22:00,SG-JURONG,Deposit,5675.17,Successful,0,149
3/30/2024 22:00,SG-EAST,Transfer,587.62,Successful,0,190
3/30/2024 22:00,SG-MAIN,Deposit,4230.5,Successful,0,425
3/30/2024 22:00,SG-WEST,Transfer,1000.54,Successful,0,183
3/30/2024 22:00,SG-MAIN,Transfer,1076.95,Successful,0,238
3/30/2024 22:00,SG-MAIN,Payment,69.08,Successful,0,185
3/30/2024 22:00,SG-MAIN,Withdrawal,1025.53,Successful,0,272
3/30/2024 22:00,SG-TAMP,Transfer,8116.69,Successful,0,273
3/30/2024 22:00,SG-WEST,Deposit,7187.54,Successful,0,144
3/30/2024 22:00,SG-EAST,Transfer,48.14,Successful,0,119
3/30/2024 22:00,SG-TAMP,Transfer,1058.57,Successful,0,313
3/30/2024 22:00,SG-MAIN,Payment,200.43,Successful,0,265
3/30/2024 22:00,SG-TAMP,Withdrawal,2140.61,Successful,0,285
3/30/2024 22:00,SG-MAIN,Transfer,1560.3,Successful,0,170
3/30/2024 22:00,SG-ORCHARD,Withdrawal,560.59,Successful,0,284
3/30/2024 22:00,SG-WEST,Payment,1335.95,Successful,0,341
3/30/2024 22:00,SG-WEST,Deposit,5409.32,Successful,0,239
3/30/2024 22:00,SG-TAMP,Deposit,2821.58,Successful,0,314
3/30/2024 22:00,SG-WEST,Payment,440.1,Successful,0,377
3/30/2024 22:00,SG-MAIN,Payment,1163.5,Failed,0,309
3/30/2024 22:00,SG-TAMP,Transfer,254.88,Successful,0,353
3/30/2024 22:00,SG-MAIN,Deposit,1341.52,Successful,0,231
3/30/2024 22:00,SG-EAST,Deposit,3206.03,Successful,0,295
3/30/2024 22:00,SG-TAMP,Withdrawal,1771.01,Successful,0,260
3/30/2024 22:00,SG-WEST,Payment,1234.44,Successful,0,243
3/30/2024 22:00,SG-WEST,Deposit,5040.66,Successful,0,230
3/30/2024 22:00,SG-MAIN,Withdrawal,3816.15,Successful,0,229
3/30/2024 22:00,SG-ORCHARD,Transfer,24.98,Successful,0,197
3/30/2024 22:00,SG-JURONG,Deposit,1006.32,Successful,0,211
3/30/2024 22:00,SG-MAIN,Payment,1064.94,Successful,0,375
3/30/2024 22:00,SG-JURONG,Payment,3009.2,Failed,0,224
3/30/2024 22:00,SG-JURONG,Payment,966.65,Successful,0,308
3/30/2024 22:00,SG-WEST,Deposit,3107.94,Successful,0,304
3/30/2024 22:00,SG-ORCHARD,Payment,1199.9,Successful,0,175
3/30/2024 22:00,SG-ORCHARD,Transfer,1228.24,Successful,0,248
3/30/2024 22:00,SG-TAMP,Withdrawal,240.56,Successful,0,198
3/30/2024 22:00,SG-ORCHARD,Transfer,119.88,Successful,0,415
3/30/2024 22:00,SG-MAIN,Withdrawal,586.17,Successful,0,350
3/30/2024 22:00,SG-WEST,Deposit,441.08,Successful,0,340
3/30/2024 22:00,SG-MAIN,Deposit,3916.66,Successful,0,124
3/30/2024 22:00,SG-MAIN,Payment,5443.64,Successful,0,328
3/30/2024 22:00,SG-JURONG,Deposit,229.3,Successful,0,231
3/30/2024 22:00,SG-JURONG,Deposit,1595.93,Failed,0,298
3/30/2024 22:00,SG-JURONG,Withdrawal,3382.63,Failed,1,229
3/30/2024 22:00,SG-ORCHARD,Deposit,502.79,Successful,0,419
3/30/2024 22:00,SG-TAMP,Transfer,6298.75,Successful,0,187
3/30/2024 22:00,SG-EAST,Transfer,1072.71,Successful,0,235
3/30/2024 22:00,SG-JURONG,Withdrawal,985.62,Successful,0,342
3/30/2024 22:00,SG-JURONG,Transfer,623.91,Successful,0,326
3/30/2024 22:00,SG-JURONG,Deposit,5420.3,Successful,0,238
3/30/2024 22:00,SG-TAMP,Deposit,2584.78,Successful,0,169
3/30/2024 22:00,SG-MAIN,Transfer,450.38,Successful,0,309
3/30/2024 22:00,SG-MAIN,Payment,146.71,Successful,0,284
3/30/2024 22:00,SG-TAMP,Payment,620.62,Successful,0,352
3/30/2024 22:00,SG-ORCHARD,Payment,7192.18,Successful,0,271
3/30/2024 22:00,SG-ORCHARD,Transfer,4325.73,Successful,0,289
3/30/2024 22:00,SG-MAIN,Withdrawal,574.4,Failed,0,198
3/30/2024 22:00,SG-EAST,Deposit,1639.5,Successful,0,177
3/30/2024 22:00,SG-ORCHARD,Transfer,1424.51,Successful,0,300
3/30/2024 22:00,SG-EAST,Payment,679.48,Failed,0,195
3/30/2024 22:00,SG-ORCHARD,Deposit,2689.93,Successful,0,178
3/30/2024 22:00,SG-ORCHARD,Deposit,1654.36,Failed,0,262
3/30/2024 22:00,SG-JURONG,Deposit,2518.97,Successful,0,115
3/30/2024 22:00,SG-JURONG,Payment,31.03,Successful,0,242
3/30/2024 22:00,SG-ORCHARD,Withdrawal,1819.71,Successful,0,112
3/30/2024 22:00,SG-EAST,Payment,2179.29,Successful,0,212
3/30/2024 22:00,SG-ORCHARD,Transfer,5199.56,Successful,0,382
3/30/2024 22:00,SG-WEST,Deposit,4205.44,Successful,0,243
3/30/2024 22:00,SG-ORCHARD,Deposit,101.46,Successful,0,336
3/30/2024 22:00,SG-WEST,Withdrawal,4081.15,Successful,0,195
3/30/2024 22:00,SG-JURONG,Transfer,569.51,Successful,0,257
3/30/2024 22:00,SG-EAST,Deposit,3233.39,Successful,0,242
3/30/2024 22:00,SG-TAMP,Deposit,2439.63,Successful,0,223
3/30/2024 22:00,SG-ORCHARD,Withdrawal,149.74,Successful,0,366
3/30/2024 22:00,SG-MAIN,Deposit,497.39,Successful,0,208
3/30/2024 22:00,SG-WEST,Payment,1091.01,Successful,0,330
3/30/2024 22:00,SG-WEST,Payment,268.01,Successful,0,201
3/30/2024 22:00,SG-JURONG,Deposit,255.88,Successful,0,327
3/30/2024 22:00,SG-ORCHARD,Transfer,1805.52,Successful,0,212
3/30/2024 22:00,SG-TAMP,Withdrawal,173.41,Successful,0,218
3/30/2024 22:00,SG-EAST,Deposit,468.16,Successful,0,178
3/30/2024 22:00,SG-WEST,Transfer,1496.22,Successful,0,297
3/30/2024 22:00,SG-JURONG,Deposit,493.17,Successful,0,409
3/30/2024 22:00,SG-TAMP,Payment,788.49,Successful,0,301
3/30/2024 22:00,SG-EAST,Payment,346.22,Successful,0,259
3/30/2024 22:00,SG-ORCHARD,Transfer,4246.96,Successful,0,276
3/30/2024 22:00,SG-EAST,Deposit,8153.56,Successful,0,77
3/30/2024 22:00,SG-TAMP,Payment,773.82,Successful,0,142
3/30/2024 22:00,SG-TAMP,Transfer,543.25,Successful,0,448
3/30/2024 22:00,SG-MAIN,Deposit,470.46,Successful,0,246
3/30/2024 22:00,SG-EAST,Withdrawal,6073.91,Successful,0,223
3/30/2024 22:00,SG-JURONG,Deposit,377.46,Successful,0,277
3/30/2024 22:00,SG-ORCHARD,Deposit,378.36,Successful,0,331
3/30/2024 22:00,SG-EAST,Payment,1047.54,Successful,0,105
3/30/2024 22:00,SG-ORCHARD,Withdrawal,612.69,Failed,0,196
3/30/2024 22:00,SG-WEST,Payment,73.84,Successful,0,197
3/30/2024 22:00,SG-JURONG,Payment,420.74,Successful,0,277
3/30/2024 22:00,SG-JURONG,Payment,148.54,Successful,0,296
3/30/2024 22:00,SG-TAMP,Deposit,3870.13,Successful,0,424
3/30/2024 22:00,SG-WEST,Transfer,1686.53,Successful,0,230
3/30/2024 22:00,SG-MAIN,Deposit,6980.3,Successful,0,74
3/30/2024 22:00,SG-WEST,Withdrawal,952.21,Failed,0,193
3/30/2024 22:00,SG-WEST,Payment,3179.62,Successful,0,388
3/30/2024 22:00,SG-EAST,Transfer,3879.35,Successful,0,304
3/30/2024 22:00,SG-JURONG,Withdrawal,1280.39,Successful,0,182
3/30/2024 22:00,SG-ORCHARD,Deposit,438.12,Failed,1,316
3/30/2024 22:00,SG-WEST,Withdrawal,4434.93,Successful,0,240
3/30/2024 22:00,SG-ORCHARD,Transfer,3299.13,Successful,0,307
3/30/2024 22:00,SG-MAIN,Deposit,1083.16,Failed,0,434
3/30/2024 22:00,SG-JURONG,Transfer,2670.56,Successful,0,214
3/30/2024 23:00,SG-ORCHARD,Deposit,899.35,Successful,0,249
3/30/2024 23:00,SG-TAMP,Payment,3257.61,Successful,0,288
3/30/2024 23:00,SG-EAST,Deposit,3057.93,Successful,0,255
3/30/2024 23:00,SG-MAIN,Payment,1386.28,Successful,0,379
3/30/2024 23:00,SG-ORCHARD,Payment,2759.21,Successful,0,210
3/30/2024 23:00,SG-WEST,Withdrawal,4798.66,Successful,0,158
3/30/2024 23:00,SG-WEST,Transfer,1970.5,Successful,0,229
3/30/2024 23:00,SG-EAST,Withdrawal,3271.75,Successful,0,95
3/30/2024 23:00,SG-TAMP,Transfer,810.81,Successful,0,235
3/30/2024 23:00,SG-ORCHARD,Transfer,87.14,Successful,0,396
3/30/2024 23:00,SG-EAST,Withdrawal,3250.57,Successful,0,281
3/30/2024 23:00,SG-WEST,Payment,4089.64,Successful,0,408
3/30/2024 23:00,SG-TAMP,Payment,505.07,Successful,0,313
3/30/2024 23:00,SG-ORCHARD,Transfer,5935.68,Successful,0,267
3/30/2024 23:00,SG-EAST,Payment,940.16,Successful,0,133
3/30/2024 23:00,SG-ORCHARD,Deposit,136.63,Successful,0,305
3/30/2024 23:00,SG-MAIN,Deposit,2331.59,Successful,0,342
3/30/2024 23:00,SG-WEST,Transfer,1083.48,Successful,0,193
3/30/2024 23:00,SG-JURONG,Transfer,479.25,Successful,0,237
3/30/2024 23:00,SG-EAST,Withdrawal,1738.53,Successful,0,225
3/30/2024 23:00,SG-TAMP,Deposit,2966.6,Successful,0,180
3/30/2024 23:00,SG-MAIN,Transfer,1812.52,Successful,0,337
3/30/2024 23:00,SG-JURONG,Transfer,2073.75,Successful,0,190
3/30/2024 23:00,SG-MAIN,Withdrawal,616.47,Successful,0,324
3/30/2024 23:00,SG-EAST,Transfer,1194.71,Successful,0,251
3/30/2024 23:00,SG-ORCHARD,Payment,2370.56,Successful,0,227
3/30/2024 23:00,SG-WEST,Payment,201.28,Successful,0,352
3/30/2024 23:00,SG-EAST,Transfer,403.8,Successful,0,13
3/30/2024 23:00,SG-ORCHARD,Withdrawal,890.95,Successful,0,336
3/30/2024 23:00,SG-MAIN,Transfer,3694.21,Successful,0,236
3/30/2024 23:00,SG-MAIN,Deposit,1283.16,Successful,0,232
3/30/2024 23:00,SG-JURONG,Transfer,146.93,Successful,0,248
3/30/2024 23:00,SG-JURONG,Transfer,282.39,Successful,0,280
3/30/2024 23:00,SG-WEST,Transfer,5910.4,Successful,0,243
3/30/2024 23:00,SG-EAST,Payment,1225,Failed,0,326
3/30/2024 23:00,SG-WEST,Payment,3647.42,Successful,0,333
3/30/2024 23:00,SG-TAMP,Transfer,1951.85,Successful,0,148
3/30/2024 23:00,SG-EAST,Transfer,3147.45,Failed,0,27
3/30/2024 23:00,SG-EAST,Withdrawal,3752.77,Successful,0,229
3/30/2024 23:00,SG-EAST,Withdrawal,3702.91,Successful,0,354
3/30/2024 23:00,SG-ORCHARD,Transfer,1590.21,Successful,0,135
3/30/2024 23:00,SG-WEST,Transfer,3802.5,Successful,0,226
3/30/2024 23:00,SG-ORCHARD,Withdrawal,4166.33,Successful,0,236
3/30/2024 23:00,SG-WEST,Withdrawal,2229.6,Successful,0,241
3/30/2024 23:00,SG-ORCHARD,Deposit,3438.7,Successful,0,425
3/30/2024 23:00,SG-TAMP,Deposit,1609.57,Successful,0,253
3/30/2024 23:00,SG-EAST,Withdrawal,408.72,Successful,0,245
3/30/2024 23:00,SG-ORCHARD,Withdrawal,7040.05,Successful,0,204
3/30/2024 23:00,SG-MAIN,Deposit,1557.54,Successful,0,309
3/30/2024 23:00,SG-MAIN,Withdrawal,3120.43,Successful,0,187
3/30/2024 23:00,SG-ORCHARD,Transfer,1800.1,Successful,0,252
3/30/2024 23:00,SG-ORCHARD,Payment,3368.74,Successful,0,191
3/30/2024 23:00,SG-WEST,Payment,92.26,Successful,0,242
3/31/2024 0:00,SG-EAST,Payment,3143.34,Successful,0,258
3/31/2024 0:00,SG-WEST,Withdrawal,4963.27,Successful,0,323
3/31/2024 0:00,SG-EAST,Transfer,674.24,Failed,0,284
3/31/2024 0:00,SG-JURONG,Payment,4408.43,Successful,0,201
3/31/2024 0:00,SG-MAIN,Deposit,1084.24,Failed,1,243
3/31/2024 0:00,SG-MAIN,Transfer,578.64,Successful,0,279
3/31/2024 0:00,SG-ORCHARD,Deposit,2114.81,Successful,0,289
3/31/2024 0:00,SG-ORCHARD,Deposit,134.39,Successful,0,236
3/31/2024 0:00,SG-ORCHARD,Deposit,927.07,Successful,0,265
3/31/2024 0:00,SG-TAMP,Transfer,2881.14,Successful,0,165
3/31/2024 0:00,SG-EAST,Deposit,3022.25,Failed,0,322
3/31/2024 0:00,SG-JURONG,Deposit,368.99,Failed,0,336
3/31/2024 0:00,SG-MAIN,Payment,3493.62,Successful,0,174
3/31/2024 0:00,SG-ORCHARD,Withdrawal,661.25,Successful,0,57
3/31/2024 0:00,SG-WEST,Deposit,1319.03,Successful,0,310
3/31/2024 0:00,SG-EAST,Payment,4449.72,Successful,0,302
3/31/2024 0:00,SG-WEST,Deposit,2078.21,Successful,0,226
3/31/2024 0:00,SG-ORCHARD,Deposit,45.33,Successful,0,200
3/31/2024 0:00,SG-JURONG,Transfer,1068.94,Successful,0,266
3/31/2024 0:00,SG-JURONG,Withdrawal,227.72,Successful,0,286
3/31/2024 0:00,SG-MAIN,Transfer,2976.68,Successful,0,357
3/31/2024 0:00,SG-EAST,Payment,851.35,Successful,0,322
3/31/2024 0:00,SG-TAMP,Withdrawal,4032.39,Successful,0,297
3/31/2024 0:00,SG-JURONG,Payment,1657.69,Successful,0,289
3/31/2024 0:00,SG-ORCHARD,Transfer,2743.43,Successful,0,140
3/31/2024 0:00,SG-ORCHARD,Transfer,1453.9,Successful,0,256
3/31/2024 0:00,SG-TAMP,Withdrawal,1194.61,Successful,0,175
3/31/2024 0:00,SG-ORCHARD,Deposit,576.84,Successful,0,202
3/31/2024 0:00,SG-MAIN,Deposit,1679.02,Failed,1,326
3/31/2024 0:00,SG-WEST,Payment,5183.1,Successful,0,386
3/31/2024 0:00,SG-MAIN,Transfer,1565.72,Successful,0,367
3/31/2024 0:00,SG-JURONG,Payment,3141.16,Successful,0,294
3/31/2024 0:00,SG-EAST,Transfer,572.98,Successful,0,335
3/31/2024 0:00,SG-MAIN,Transfer,977.66,Successful,0,219
3/31/2024 0:00,SG-MAIN,Withdrawal,1373.93,Successful,0,256
3/31/2024 0:00,SG-ORCHARD,Deposit,2659.83,Successful,0,366
3/31/2024 0:00,SG-ORCHARD,Payment,2665.23,Successful,0,172
3/31/2024 0:00,SG-EAST,Transfer,286.78,Successful,0,371
3/31/2024 0:00,SG-MAIN,Deposit,1247.54,Successful,0,122
3/31/2024 0:00,SG-WEST,Transfer,1062.92,Successful,0,260
3/31/2024 0:00,SG-WEST,Transfer,6.79,Successful,0,400
3/31/2024 0:00,SG-JURONG,Deposit,6.15,Successful,0,282
3/31/2024 0:00,SG-EAST,Payment,1758.18,Successful,0,134
3/31/2024 0:00,SG-ORCHARD,Transfer,765.1,Successful,0,459
3/31/2024 0:00,SG-JURONG,Deposit,4818.61,Successful,0,117
3/31/2024 0:00,SG-ORCHARD,Payment,1090.35,Successful,0,221
3/31/2024 0:00,SG-WEST,Payment,9601.92,Successful,0,251
3/31/2024 0:00,SG-WEST,Withdrawal,1251.91,Successful,0,211
3/31/2024 0:00,SG-ORCHARD,Deposit,2502.33,Successful,0,321
3/31/2024 0:00,SG-ORCHARD,Deposit,5951.91,Successful,0,215
3/31/2024 0:00,SG-MAIN,Payment,1664.33,Successful,0,319
3/31/2024 0:00,SG-MAIN,Deposit,1950.14,Successful,0,244
3/31/2024 0:00,SG-WEST,Deposit,244.72,Successful,0,166
3/31/2024 0:00,SG-EAST,Transfer,362.6,Successful,0,332
3/31/2024 0:00,SG-TAMP,Transfer,1874.63,Successful,0,234
3/31/2024 0:00,SG-ORCHARD,Withdrawal,1187.64,Successful,0,162
3/31/2024 0:00,SG-MAIN,Transfer,337.47,Failed,0,194
3/31/2024 0:00,SG-WEST,Withdrawal,1508.14,Successful,0,160
3/31/2024 0:00,SG-TAMP,Withdrawal,1897.58,Successful,0,287
3/31/2024 0:00,SG-MAIN,Payment,597.36,Successful,0,317
3/31/2024 0:00,SG-EAST,Deposit,553.24,Successful,0,293
3/31/2024 0:00,SG-EAST,Transfer,1499.3,Successful,0,132
3/31/2024 0:00,SG-ORCHARD,Transfer,1582.12,Failed,0,378
3/31/2024 0:00,SG-ORCHARD,Payment,5253.26,Successful,0,301
3/31/2024 0:00,SG-JURONG,Transfer,3070.95,Successful,0,277
3/31/2024 0:00,SG-MAIN,Transfer,815.97,Successful,0,359
3/31/2024 0:00,SG-EAST,Transfer,3032.45,Successful,0,249
3/31/2024 0:00,SG-EAST,Deposit,38.65,Successful,0,259
3/31/2024 0:00,SG-MAIN,Withdrawal,1797.9,Successful,0,377
3/31/2024 0:00,SG-MAIN,Withdrawal,2619.08,Successful,0,279
3/31/2024 0:00,SG-ORCHARD,Deposit,300.18,Successful,0,244
3/31/2024 0:00,SG-JURONG,Deposit,422.09,Successful,0,210
3/31/2024 0:00,SG-EAST,Withdrawal,135.5,Failed,1,248
3/31/2024 0:00,SG-EAST,Withdrawal,2860.07,Successful,0,294
3/31/2024 0:00,SG-MAIN,Payment,685.43,Successful,0,111
3/31/2024 0:00,SG-TAMP,Payment,940.37,Successful,0,286
3/31/2024 0:00,SG-WEST,Payment,539.14,Successful,0,219
3/31/2024 0:00,SG-WEST,Deposit,682.12,Successful,0,197
3/31/2024 0:00,SG-TAMP,Transfer,1190.32,Successful,0,387
3/31/2024 0:00,SG-ORCHARD,Transfer,632.17,Successful,0,268
3/31/2024 0:00,SG-EAST,Withdrawal,298.61,Successful,0,204
3/31/2024 0:00,SG-JURONG,Payment,562.11,Successful,0,303
3/31/2024 0:00,SG-WEST,Withdrawal,3236.8,Successful,0,288
3/31/2024 0:00,SG-WEST,Withdrawal,571.59,Successful,0,319
3/31/2024 0:00,SG-WEST,Transfer,1952.92,Failed,0,323
3/31/2024 0:00,SG-EAST,Deposit,9019.79,Successful,0,407
3/31/2024 0:00,SG-ORCHARD,Payment,766.83,Successful,0,162
3/31/2024 0:00,SG-TAMP,Withdrawal,303.79,Successful,0,6
3/31/2024 0:00,SG-JURONG,Transfer,2798.19,Successful,0,187
